,영화명,평점
0,신과함께-인과 연,7.71
1,어벤져스: 인피니티 워,8.96
2,보헤미안 랩소디,9.42
3,미션 임파서블: 폴아웃,9.12
4,신과함께-죄와 벌,7.83
5,쥬라기 월드: 폴른 킹덤,8.01
6,앤트맨과 와스프,8.62
7,안시성,7.99
8,블랙 팬서,7.51
9,완벽한 타인,8.61
10,1987,0.00
11,독전,7.53
12,공작,6.84
13,베놈,7.91
14,암수살인,8.33
15,데드풀 2,8.69
16,국가부도의 날,8.12
17,코코,0.00
18,아쿠아맨,8.36
19,그것만이 내 세상,8.95
20,마녀,8.22
21,탐정: 리턴즈,8.40
22,인크레더블 2,9.22
23,서치,0.00
24,너의 결혼식,8.42
25,곤지암,6.39
26,지금 만나러 갑니다,8.75
27,목격자,5.40
28,조선명탐정: 흡혈괴마의 비밀,6.64
29,신비한 동물들과 그린델왈드의 범죄,6.17
30,메이즈 러너: 데스 큐어,7.84
31,맘마미아!2,8.97
32,레디 플레이어 원,8.53
33,명당,7.06
34,협상,7.32
35,마약왕,6.34
36,쥬만지: 새로운 세계,7.89
37,창궐,5.06
38,성난황소,7.47
39,도어락,5.84
40,리틀 포레스트,8.84
41,골든슬럼버,5.15
42,램페이지,8.29
43,궁합,6.45
44,오션스8,7.64
45,사라진 밤,7.04
46,스윙키즈,8.41
47,바람 바람 바람,8.39
48,PMC: 더 벙커,5.19
49,범블비,8.08
50,챔피언,6.30
51,퍼시픽 림: 업라이징,6.61
52,몬스터 호텔 3,8.59
53,더 넌,6.67
54,스카이스크래퍼,7.57
55,염력,4.99
56,월요일이 사라졌다,8.33
57,인랑,3.87
58,극장판 헬로카봇 : 백악기 시대,9.23
59,레슬러,8.00
60,상류사회,4.23
61,물괴,4.81
62,미쓰백,9.10
63,신비아파트: 금빛 도깨비와 비밀의 동굴,8.71
64,퍼스트맨,6.97
65,스파이더맨: 뉴 유니버스,9.21
66,위대한 쇼맨,9.41
67,인시디어스4: 라스트 키,6.83
68,"그날, 바다",8.94
69,툼레이더,6.35
70,페르디난드,8.89
71,버닝,6.72
72,7년의 밤,4.77
73,메가로돈,5.67
74,콰이어트 플레이스,7.68
75,호두까기 인형과 4개의 왕국,7.14
76,셰이프 오브 워터: 사랑의 모양,8.34
77,곰돌이 푸 다시 만나 행복해,8.98
78,변산,7.72
79,그린치,8.33
80,스타 이즈 본,9.20
81,동네사람들,5.23
82,원더풀 고스트,6.61
83,강철비,8.33
84,흥부: 글로 세상을 바꾼 자,4.43
85,명탐정 코난 : 제로의 집행인,9.05
86,피터 래빗,8.76
87,점박이 한반도의 공룡2 : 새로운 낙원,9.11
88,패딩턴 2,9.13
89,허스토리,9.29
90,미드나잇 선,8.89
91,덕구,9.44
92,번 더 스테이지: 더 무비,9.31
93,트루스 오어 데어,7.16
94,커뮤터,8.13
95,후드,6.48
96,극장판 짱구는 못말려: 아뵤! 쿵후 보이즈 ~라면 대란~,8.09
97,해리포터와 마법사의 돌,0
98,모털 엔진,6.12
99,바울,9.16
100,나를 차버린 스파이,8.01
101,명탐정 코난:감벽의 관,0
102,아이 필 프리티,8.58
103,시카리오: 데이 오브 솔다도,8.42
104,치즈인더트랩,5.07
105,12 솔져스,8.14
106,1급기밀,0
107,50가지 그림자: 해방,7.96
108,속닥속닥,4.99
109,벽 속에 숨은 마법시계,5.95
110,허리케인 하이스트,7.40
111,한 솔로: 스타워즈 스토리,7.86
112,콜 미 바이 유어 네임,7.99
113,나미야 잡화점의 기적,7.31
114,업그레이드,9.07
115,런닝맨 : 풀룰루의 역습,7.72
116,극장판 포켓몬스터DP - 디아루가 VS 펄기아 VS 다크라이,8.06
117,극장판 도라에몽: 진구의 보물섬,8.76
118,원더,0.00
119,유전,5.83
120,더 프레데터,5.71
121,어느 가족,9.21
122,극장판 포켓몬스터 모두의 이야기,8.96
123,극장판 요괴워치 섀도사이드: 도깨비왕의 부활,8.78
124,크레이지 리치 아시안,6.82
125,다운사이징,5.23
126,나를 기억해,6.70
127,더 포스트,0.00
128,빅샤크: 매직체인지,0
129,독전: 익스텐디드 컷,7.53
130,얼리맨,8.15
131,부탁 하나만 들어줘,7.78
132,"안녕, 나의 소녀",8.29
133,당갈,0
134,할로윈,6.23
135,레드 스패로,8.54
136,레이디 버드,8.53
137,게이트,6.68
138,미니특공대X,7.56
139,여중생A,6.28
140,쓰리 빌보드,8.80
141,마야2,9.34
142,커다랗고 커다랗고 커다란 배,9.00
143,플로리다 프로젝트,8.66
144,극장판 포켓몬스터 너로 정했다!,8.84
145,베일리 어게인,9.53
146,루이스,8.94
147,셜록 놈즈,8.48
148,신은 죽지 않았다 3: 어둠 속의 빛,8.32
149,출국,8.77
150,호텔 아르테미스,6.49
151,올 더 머니,7.97
152,마일22,7.45
153,여곡성,4.08
154,레오나르도 다 빈치,7.92
155,번개맨과 신비의 섬,9.42
156,킬링 디어,6.67
157,타이타닉,0
158,소공녀,8.80
159,어드리프트:우리가 함께한 바다,8.74
160,엘리엇과 산타 썰매단,6.54
161,매직빈,6.70
162,헌터 킬러,9.38
163,몬스터 패밀리,8.31
164,머니백,6.05
165,뽀로로 극장판 공룡섬 대모험,9.18
166,말모이,9.14
167,"부르고뉴, 와인에서 찾은 인생",8.70
168,그래비티,0.00
169,너의 췌장을 먹고 싶어,8.38
170,번개맨의 비밀,9.00
171,젝스키스 에이틴,9.03
172,살인소설,6.05
173,온리 더 브레이브,9.27
174,폴란드로 간 아이들,9.31
175,데자뷰,4.39
176,비밥바룰라,8.92
177,"스탠바이, 웬디",8.86
178,나츠메 우인장: 세상과 연을 맺다,9.27
179,에그엔젤 코코밍: 두근두근 핼러윈 파티,5.32
180,타샤 튜더,9.03
181,플로이,8.24
182,다이노 어드벤처2: 육해공 공룡 대백과,5.05
183,아일라,9.52
184,라이프 오브 파이,0
185,극장판 뽀잉: 슈퍼 변신의 비밀,8.95
186,더 포리너,7.61
187,배반의 장미,5.29
188,그랜드 부다페스트 호텔,0
189,너의 이름은.,0
190,패터슨,0
191,이별의 아침에 약속의 꽃을 장식하자,8.96
192,다키스트 아워,9.11
193,프렌즈: 몬스터섬의비밀,0
194,정글번치: 최강 악당의 등장,7.85
195,툴리,9.02
196,벅스 프렌즈,8.06
197,반딧불이 딘딘,7.91
198,아바타,0
199,"오늘 밤, 로맨스 극장에서",8.40
200,스파키,0
201,펭귄 하이웨이,6.67
202,극장판 레이디버그: 미라클스톤의 비밀,9.39
203,인생 후르츠,9.03
204,개들의 섬,9.15
205,거미줄에 걸린 소녀,7.88
206,막달라 마리아: 부활의 증인,6.91
207,에브리데이,7.49
208,바르다가 사랑한 얼굴들,8.90
209,체실 비치에서,7.84
210,지구: 놀라운 하루,9.41
211,루비 스팍스,0
212,팬텀 스레드,8.37
213,문호 스트레이독스 [데드 애플],8.25
214,몬태나,8.75
215,크리미널 스쿼드,7.88
216,달링,0.00
217,투 프렌즈,4.46
218,박물관이 진짜 살아있다,7.56
219,라라랜드,0
220,피쉬 프렌즈: 알록이의 신기한 모험,4.48
221,모어 댄 블루,8.48
222,"쏘아올린 불꽃, 밑에서 볼까? 옆에서 볼까?",6.51
223,해피 투게더,7.44
224,원더스트럭,7.10
225,중2병이라도 사랑이 하고 싶어! 테이크 온 미,6.88
226,구스범스: 몬스터의 역습,7.20
227,당신의 부탁,7.94
228,양말요정 휴고의 대모험,0
229,쿵푸몽키,6.50
230,러빙 빈센트,8.00
231,하이큐!! 콘셉트의 싸움,8.90
232,캡틴 스터비,9.36
233,영주,8.49
234,겨울왕국의 무민,7.42
235,노크: 초대받지 않은 손님,4.99
236,로건 럭키,7.57
237,"세라비, 이것이 인생!",8.72
238,극장판 프리! - 테이크 유어 마크 -,9.02
239,리틀 뱀파이어,8.16
240,디트로이트,5.00
241,노인을 위한 나라는 없다,0
242,윌리,7.45
243,펭이와 친구들의 남극대모험,0
244,마징가 Z: 인피니티,7.11
245,아이 캔 온리 이매진,8.44
246,휘트니,9.00
247,터닝메카드W: 반다인의 비밀 특별판,6.68
248,원더 휠,7.74
249,무문관,8.30
250,로마,9.03
251,죄 많은 소녀,7.87
252,리즈와 파랑새,8.78
253,다이노 헌터: 티렉스VS파키리노 대격돌,6.39
254,호밀밭의 반항아,8.92
255,원더풀 라이프,6.61
256,극장판 프리파라 모두의 동경♪ 렛츠고☆프리파리,8.16
257,러빙 빈센트 : 비하인드 에디션,9.22
258,아이 엠 러브,0
259,어거스트 러쉬,0
260,B급 며느리,7.95
261,카메라를 멈추면 안 돼!,8.58
262,극장판 가면라이더 이그제이드: 트루 엔딩,8.43
263,픽시,6.10
264,꼬마영웅 바비,0
265,나라타주,6.38
266,트와이스랜드,9.17
267,액슬,7.04
268,스페이스 치킨: 마법 부적의 비밀,7.48
269,임을 위한 행진곡,3.61
270,판타스틱 부니베어,0
271,로빈슨의 언더워터 어드벤처,6.19
272,킨: 더 비기닝,6.60
273,꼬마 보트 토토: 타요 타요 배 타요,6.27
274,아인,0.00
275,드래곤 프린세스,4.67
276,탑건,0
277,파이널 포트레이트,7.80
278,호비와 매직 아일랜드,9.10
279,더 스퀘어,0.00
280,토니스토리2: 고철왕국의 친구들,5.93
281,주문은 토끼입니까?? ~디어 마이 시스터~,4.83
282,내 이야기!!,0.00
283,바니부기: 드래곤 에그를 찾아서,7.30
284,아기곰 보보 구출 대작전,0
285,아기돼지 3형제와 쿵푸랜드,9.13
286,위 베어 베어스: 베이비 베어스,7.89
287,트와일라잇,0.00
288,군산: 거위를 노래하다,6.80
289,내안의 그놈,8.18
290,캡틴 샤키,8.83
291,빅 식,8.43
292,불한당: 나쁜 놈들의 세상,0
293,토이 가디언즈,6.92
294,너는 여기에 없었다,7.85
295,해피 어게인,8.96
296,류이치 사카모토: 코다,8.93
297,유니콘 원정대: 비밀의 다이어리,0
298,오직 사랑뿐,0
299,"아이, 토냐",8.51
300,기동전사 건담 디 오리진Ⅵ: 탄생 붉은 혜성,9.11
301,꼬마비행기 피티와 친구들:사막구출 대작전,0
302,명탐정 코난: 순흑의 악몽,0
303,스타워즈: 라스트 제다이,6.34
304,몰리스 게임,8.27
305,서버비콘,7.13
306,아직 끝나지 않았다,8.31
307,트루먼 쇼,0
308,더 보이스,0.00
309,케이크메이커,7.98
310,토이무비: 미래대모험,8.41
311,리틀 맨하탄,0
312,트립 투 스페인,5.89
313,핫 썸머 나이츠,7.51
314,더 게스트,0.00
315,오 루시!,7.41
316,출동! 소방관 샘: 외계인 대소동,0
317,밤쉘,9.19
318,공동정범,0
319,킹 오브 프리즘 (바이 프리티 리듬),0
320,28세 미성년,0
321,진주 귀걸이를 한 소녀,0
322,라이크 크레이지,0
323,더 미드와이프,8.46
324,일곱 개의 대죄 : 천공의 포로,7.88
325,기동전사 건담 디 오리진Ⅴ: 격돌 루움 전투,8.80
326,살아남은 아이,8.32
327,택시 5,3.79
328,레더페이스,0
329,갈매기,8.08
330,영웅본색4,3.03
331,피의 연대기,9.12
332,알리바이 닷 컴,6.37
333,5.18 힌츠페터 스토리,8.28
334,나비잠,8.50
335,프리 스테이트,0
336,"지금, 만나러 갑니다",8.75
337,에델과 어니스트,0
338,바나나쏭의 기적,9.40
339,엄마의 공책,9.12
340,잉글랜드 이즈 마인,7.80
341,배드 사마리안,7.15
342,토마스와 친구들: 우정의 대모험,8.34
343,브로크백 마운틴,0
344,악셀,5.13
345,클레어의 카메라,0
346,산상수훈,6.33
347,인 디 아일,8.29
348,보리 vs 매켄로,8.59
349,메리 셸리: 프랑켄슈타인의 탄생,8.31
350,필름스타 인 리버풀,8.01
351,미스터 스마일,7.88
352,햄스테드,8.02
353,새벽을 알리는 루의 노래,8.29
354,박하사탕,0
355,킹 오브 프리즘 - 프라이드 더 히어로,9.12
356,극장판 파워레인저 갤럭시포스 VS 스페이스 스쿼드,8.27
357,호랑이보다 무서운 겨울손님,7.16
358,원스 어폰 어 타임 인 베니스,6.99
359,하나 그리고 둘,0
360,에스코바르,8.10
361,마라,6.50
362,홈,6.41
363,BIFAN2018 - 판타스틱 단편 걸작선 3,0
364,BIFAN2018 - 판타스틱 단편 걸작선 2,0
365,맥퀸,8.64
366,이차크의 행복한 바이올린,9.22
367,콜럼버스,7.90
368,콜드플레이: 헤드 풀 오브 드림스,8.89
369,맨 오브 마스크,9.28
370,블레이드 러너: 파이널 컷,0
371,데스 위시,8.30
372,찰스 디킨스의 비밀 서재,7.95
373,극장판 뚝딱뚝딱 밥아저씨: 메가 머신의 역습,7.38
374,언덕길의 아폴론,8.05
375,판타스틱 우먼,8.02
376,BIFAN2018 - 판타스틱 단편 걸작선 4,0
377,BIFAN2018 - 판타스틱 단편 걸작선 1,0
378,풀잎들,7.46
379,뷰티풀 데이즈,7.63
380,청설,0
381,씨 오브 트리스,0.00
382,델마,7.21
383,어른도감,8.33
384,월터의 상상은 현실이 된다,0
385,극장판 토미카 하이퍼레스큐 드라이브헤드,6.57
386,밤은 짧아 걸어 아가씨야,7.54
387,포르토,0
388,환절기,8.20
389,이터널 선샤인,0
390,더 파티,5.23
391,보디가드,8.40
392,이스케이프 플랜 2: 하데스,1.95
393,"사랑, 스무살",0
394,댄싱 베토벤,0
395,헤밍웨이 인 하바나,0
396,세 번째 살인,7.71
397,엔테베 작전,4.67
398,렛 더 선샤인 인,7.37
399,앤트맨,8.62
400,해적왕 작스톰,9.02
401,한낮의 유성,8.02
402,두 개의 사랑,6.96
403,나의 마지막 수트,9.28
404,청년 마르크스,7.14
405,극장판 마법소녀 마도카 마기카(신편): 반역의 이야기,0
406,"1991, 봄",8.78
407,뉴욕 라이브러리에서,8.05
408,BIFAN2018 - 판타스틱 단편 걸작선 5,0
409,박화영,7.64
410,주피터스 문,6.05
411,극장판 페어리 테일: 드래곤 크라이,9.06
412,서산개척단,8.38
413,사랑과 영혼,0.00
414,돌아와요 부산항애(愛),4.40
415,운동회,0
416,카운터스,9.46
417,저니스 엔드,8.54
418,토르: 라그나로크,8.85
419,블리딩 스틸,5.31
420,튼튼이의 모험,4.48
421,베러 와치 아웃,0
422,은혼2: 규칙은 깨라고 있는 것,8.35
423,트라이앵글,0
424,바라나시,0.00
425,주먹왕 랄프 2: 인터넷 속으로,8.62
426,그녀는 거짓말을 너무 사랑해,9.18
427,120 BPM,2.77
428,극장판 숲의 요정 페어리루 ~크리스마스의 기적: 마법의 날개~,7.93
429,거룩한 분노,8.66
430,메이플쏘프,0
431,고스트 스토리,7.64
432,어른이 되면,9.34
433,화씨 11/9: 트럼프의 시대,7.73
434,캐롤,0
435,"소년, 소녀를 만나다",0
436,미옥,4.96
437,그린 북,9.60
438,린 온 피트,8.46
439,양의 나무,6.75
440,덩케르크,8.29
441,내가 죽기 전에,8.68
442,펠리니를 찾아서,7.33
443,언프리티 소셜 스타,7.69
444,탠저린,0.00
445,식구,6.73
446,싸이코,6.63
447,맨헌트,4.25
448,프리다의 그해 여름,9.12
449,새벽의 약속,8.79
450,데스티네이션 웨딩,7.33
451,하나 빼고 완벽한 뉴욕 아파트,6.80
452,대관람차,8.19
453,수성못,6.87
454,철의 심장을 가진 남자,7.51
455,카르멘,0.00
456,안나 카레니나,9.00
457,북북서로 진로를 돌려라,0
458,미친도시,8.00
459,몬몬몬 몬스터,7.32
460,데드 스토리,5.00
461,미켈란젤로 : 사랑과 죽음,10.00
462,쿼바디스,0
463,엑소시스트: 사탄의 부활,0
464,봄이가도,8.32
465,더 크리스마스,8.33
466,라 멜로디,8.86
467,더 펜션,5.91
468,오장군의 발톱,5.51
469,걸스 나잇,0.00
470,해피 댄싱,9.15
471,레베카,0.00
472,13일의 금요일: 더 파이널,1.00
473,괴물들,9.41
474,리벤져,4.73
475,심판자들,10.00
476,수면의 과학,0
477,샷 콜러,8.57
478,매디슨 카운티의 다리,0
479,인디애니페스트 2018 새벽비행 2,0
480,황야의 무법자,0
481,아름다운 별,6.68
482,샘,0.00
483,정무문,0
484,삼국-무영자,7.29
485,정글,7.46
486,다이빙벨 그후,5.87
487,아이 캔 스피크,9.38
488,나와 봄날의 약속,4.20
489,그것: 광대의 저주,2.88
490,부러진 화살,0
491,지구침공: 인류 최후의 날,0
492,집의 시간들,8.82
493,택시운전사,9.03
494,현기증,0
495,펭귄-위대한 모험 2,0
496,미션,9.12
497,나부야 나부야,9.69
498,호박과 마요네즈,7.05
499,익스트림 파이트 클럽,0
500,굿타임,7.02
501,릴라와 마법의 책,4.00
502,미세스 하이드,6.10
503,피서지에서 생긴 일,0
504,Replay_내일+미지와의 조우+알송달송,0
505,뮤즈 드론즈 월드투어 실황,10.00
506,이프 온리,0
507,세계를 그대 품안에,0
508,하나식당,6.12
509,오명,0
510,톰 오브 핀란드,8.18
511,마틸다: 황제의 연인,7.39
512,22,7.45
513,우리는 썰매를 탄다,0
514,500일의 썸머,0
515,별나라 몰리 몬스터,0
516,개같은 내인생,0
517,초이스,0.00
518,라 보엠,0.00
519,지상에서 영원으로,0
520,리틀 포레스트: 사계절,8.14
521,남자와 여자,4.59
522,리스펙트,5.92
523,아가씨(확장판),0
524,누에치던 방,0
525,올드보이,9.33
526,한나,5.68
527,십계,0
528,안나 까레니나,0
529,소성리,6.16
530,아이스,8.10
531,판타스틱 Mr. 폭스,0
532,바라바,0
533,해저 2만리,7.90
534,파리 오페라,9.05
535,1720 디네킬렌 해전,0
536,하녀,0.00
537,밤치기,6.21
538,자랑과 정열,0
539,아비정전,0
540,레토,8.42
541,클레오파트라,0
542,나미야 잡화점의 기적: 또 하나의 이야기,7.50
543,리브 어게인,0
544,식물도감,0
545,히에로니무스 보쉬의 기이한 세계,0
546,반도에 살어리랏다,7.47
547,브레이븐,6.64
548,인피니티 포스 : 독수리오형제 최후의 심판,6.33
549,"안녕, 나의 소녀 시절이여",8.29
550,헬 페스트,5.99
551,토스카,0.00
552,문라이즈 킹덤,0
553,비트윈 랜드 앤 씨,0
554,안개 속 소녀,6.80
555,아이다,0.00
556,바람의 색,7.57
557,삼손,5.79
558,친애하는 우리 아이,7.92
559,올드마린보이,9.33
560,달빛 아래서,0
561,"열차 안의 낯선 자들, 의혹의 전망차",0
562,파파 오랑후탄,8.94
563,페르세폴리스,0
564,영혼의 순례길,0
565,황야의 귀부인,0
566,러브 오브 시베리아,0
567,고령가 소년 살인사건,0
568,사랑의 묘약,8.00
569,이창,0
570,사랑은 오직 한 길,0
571,걸어도 걸어도,0
572,기생 : 꽃의 고백,8.03
573,라라,8.00
574,남의 것이 더 좋아,0
575,리골레토,0.00
576,위시업,8.54
577,티파니에서 아침을,0
578,식스 빌로우,7.77
579,다즐링 주식회사,0
580,너와 극장에서,7.09
581,벤허,0
582,리틀 이태리,7.30
583,여섯번째의 행복,0
584,엘 시드,0
585,브레이브 하트,0.00
586,아이 엠 낫 유어 니그로,0
587,천화,6.00
588,더 히어로,9.30
589,바람과 함께 사라지다,0
590,브라바도스,0
591,22년 후의 고백,5.76
592,사랑의 비약,0
593,페세이지,0
594,투란도트,7.00
595,푸른노을,9.05
596,내 나이가 어때서,10.00
597,잔다르크,0.00
598,론 레인저,0
599,충격과 공포,6.86
600,여수,7.81
601,미드나잇 인 파리,0
602,오목소녀,6.55
603,돌아와요 내 사랑,0
604,누구를 위하여 종은 울리나,0
605,샤레이드,0
606,도요새,0
607,외팔이,0
608,다이빙: 그녀에 빠지다,8.43
609,미래의 미라이,5.98
610,맘&대드,4.78
611,해원,7.44
612,신데렐라,6.32
613,산,0.00
614,진짜로 일어날지도 몰라 기적,0
615,스잔나,0
616,팜 비치 스토리,0
617,투란도트,7.00
618,모로코,0.00
619,인디애니페스트 2018 새벽비행 1,0
620,우묵배미의 사랑,0
621,무기여 잘 있거라,0
622,파리의 연인,0
623,라보엠,0.00
624,패티코트 작전,0
625,젊은 사자들,0
626,춘희,0
627,마담 B,0
628,나폴레옹과 데지레,0
629,바닷마을 다이어리,0
630,황금연못,0
631,소녀의 세계,7.70
632,"FIWOM 2018 웃어봐+수잔과 남자+내일, 또 내일, 그리고 또 내일+여자1 여자2 여자3+루비 파샤의 전설",0
633,그렇게 아버지가 된다,0
634,라 트라비아타,10.00
635,마담 버터플라이,1.00
636,어둔 밤,7.85
637,리차드 3세,0
638,워크 투 리멤버,0
639,디드씨 도시로가다,0
640,해바라기,0
641,디아볼릭,0
642,게이트-완결판,0
643,파라오,0
644,살인의 추억,0
645,산하는 요원하다 / 수색,0
646,남태평양,0
647,스톡홀름의 마지막 연인,0
648,존 웨인의 진주만,0
649,호스틸,7.72
650,페이톤 플레이스,0
651,광인옥한흠,9.18
652,거인,8.47
653,봄날은 간다,0
654,애종,0
655,영광의 나날,0
656,노르마,10.00
657,극장판 프리! – 타임리스 메들리 - 약속,9.09
658,권총왕,0
659,맥베스,0.00
660,서부 개척사,0
661,굿 윌 헌팅,0
662,"춘천, 춘천",0.00
663,워락,0
664,페이트 스테이 나이트 헤븐즈필 제1장 프레시지 플라워,7.12
665,하이 스트렁,0
666,네 멋대로 해라,6.53
667,사브리나,0
668,신의 법정,0
669,세레나데,0
670,블루 하와이,0
671,비긴 어게인,0
672,삼손과 데릴라,0.00
673,파리의 아메리카인,0
674,돌아온다,7.74
675,극장판 프리! – 타임리스 메들리 - 인연,8.64
676,어떤 휴가,0
677,로마의 휴일,6.72
678,악의 화원,0
679,아라비아의 로렌스,0
680,야성녀,0
681,고뇌와 환희,0
682,언니,5.52
683,블레이드 러너 2049,8.00
684,사랑할 때와 죽을 때,0
685,류이치 사카모토: 에이싱크,8.34
686,아나스타샤,10.00
687,검은 수선화,0
688,나의 계곡은 푸르렀다,0
689,박쥐,0.00
690,자이언트,8.00
691,이집트,0
692,기억을 만나다,6.52
693,빌리 엘리어트,0
694,만날때는 언제나 타인,0
695,솔로몬 왕의 보고,0
696,오리엔트 특급 살인,8.00
697,그대 이름은 장미,6.85
698,"안녕,내사랑",0.00
699,돌아온 사나이,0
700,멋진 인생,0
701,기억의 밤,8.19
702,물랑루즈,0
703,인디애니페스트 2018 커스틴 레포어 감독 특별전,0
704,산타모니카 인 러브,0
705,퍼즐,7.53
706,리오 브라보,0
707,토스카,0.00
708,엘 마르,0.00
709,극장판 진격의 거인 2기: 각성의 포효,8.47
710,알라바마 이야기,0
711,맞짱,7.47
712,오페라의 유령,0
713,언더 더 트리,0.00
714,사운드 오브 뮤직,0
715,지상 최대의 쇼,0
716,카쓰므,0
717,밤과 낮 사이,0
718,기적,9.40
719,분노의 포도,0
720,파계,0
721,쉘 위 댄스,0
722,파란입이 달린 얼굴,0
723,복수는 나의 것,0.00
724,진실한 사랑,0
725,련희와 연희,7.20
726,내 사랑,7.54
727,인어전설,0
728,영호작전,0
729,스텝 바이 스텝,0
730,행복에 젖은 아가씨,0
731,왕과 나,0.00
732,"안녕, 나의 소울메이트",9.00
733,아무도 모른다,0.00
734,삼생삼세 십리도화,6.83
735,밤으로의 긴 여로,0
736,징기스칸,3.06
737,친절한 금자씨,0
738,사랑의 종이 울릴 때,0
739,황야의 7인,0
740,칼 타고,0
741,거리의 악사,0
742,애혼,0
743,검은 초상,0
744,리피피,0
745,소돔과 고모라,0
746,꽃찌: 독이 있는 사랑,8.56
747,무법지대,0
748,디자이닝 우먼,0
749,카이바 결사대,0
750,유리씨즈,0
751,나는 살고 싶다,0
752,불멸의 연인,0
753,모로코로 가는 길,0
754,진홍의 평원,0
755,폴 뉴먼의 고독한 관계,0
756,늦여름,8.04
757,리칭의 여선생,0
758,베라크루스,0
759,자유 결혼,0
760,집시,0.00
761,스타박'스 다방,0
762,어페어 투 리멤버,0
763,굿 매너스,7.04
764,말할 수 없는 비밀,0
765,여자라는 이름으로,8.00
766,종각,0
767,선종 무문관,0
768,루이자 밀러,0.00
769,다영씨,8.29
770,행복의 나라,6.80
771,참외향기,8.77
772,코지 판 투테,8.00
773,버스정류장,0
774,배틀트립 투 그리스,0
775,대해적,0
776,사랑의 스잔나,0
777,산책하는 침략자,6.22
778,로미오와 줄리엣,0.00
779,그녀,7.32
780,말 없는 사나이,0
781,눈꺼풀,0
782,튤립 피버,7.42
783,초원의 빛,0
784,타잔과 친구들,0
785,예스 평창!,7.24
786,브리가둔,0
787,공작부인,0
788,기인들,0
789,뜨거운 양철 지붕 위의 고양이,0
790,"안나, 평양에서 영화를 배우다",0
791,이별,8.96
792,더 블랙,5.23
793,전쟁과 평화,0
794,오하루의 일생,0
795,천사탈주,0
796,성의,0
797,빅,7.90
798,12피트,0
799,불타는 전장,0
800,모정에 우는 두 아들,0
801,"이,기적인 남자",4.62
802,다시 태어나도 우리,0
803,장고 인 멜로디,7.76
804,슬랙 베이: 바닷가 마을의 비밀,0
805,미성년이지만 어린애는 아냐,7.55
806,역마차,0
807,록키 호러 픽쳐 쇼,0
808,울보 권투부,0
809,부다페스트 로큰롤,0
810,닥터 스트레인지,0
811,뉴욕으로 간 타잔,0
812,공중 트라피스,0
813,무간도,2.44
814,킬리만자로의 눈,0
815,지옥의 묵시록 리덕스,0
816,알렉산더대왕,0
817,캡틴 아메리카: 시빌 워,0
818,황야의 결투,0
819,나인데이즈,7.63
820,존 휴스턴 회고전-용서받지 못할 자,0
821,일주일간 친구,8.41
822,스팔타카스,0
823,초행,7.69
824,베이비 드라이버,7.98
825,장마,0.00
826,버블 패밀리,9.49
827,천장지구,0
828,타클라마칸,6.67
829,신사는 금발을 좋아해,0
830,이름없는 새,7.28
831,미녀와 건달,0
832,우리들,8.74
833,부활,6.91
834,미녀와 교수,0
835,재와 다이아몬드,0
836,내시,0
837,고향이 어디세요,8.96
838,청춘무정,0
839,비련의 공주 엘리자베스,0
840,용문객잔,0
841,분노의 강,0
842,장희빈,0
843,이조잔영,0
844,초대받은 사람들,0
845,나는 결백하다,0
846,시로코,0
847,에메랄드,0.00
848,빙점 '81,0
849,네이키드 정글,0
850,삼총사,0.00
851,전장이여 영원히,0
852,토이 스토리 3,0
853,반짝이는 박수 소리,0
854,제 2회 콕! 애니 Healing,0
855,알래스카의 혼,0
856,거대한 서부,0
857,캐벌케이드,0
858,빨간 마후라,0
859,여호,0
860,직쏘,7.22
861,내일,0.00
862,"나, 다니엘 블레이크",0
863,퀴리부인,0
864,빠삐용,8.60
865,너를 찾을꺼야,0
866,릴리,0.00
867,어벤져스,8.96
868,꽁치의 맛,0
869,80일간의 세계일주,0
870,FIWOM 2018 생리 무법자+페미걸즈,0
871,황야의 무뢰한,0
872,SESIFF2018 제2기 영등포 초단편영화 아카데미,0
873,캡틴 아메리카: 윈터 솔져,0
874,맹진사댁 경사,0
875,녹원의 천사,0
876,죽음의 천사,0.00
877,제 2회 콕! 애니 Feeling,0
878,범죄도시,5.33
879,러브 라이브! 더 스쿨 아이돌 무비,0
880,라이온 킹,0
881,바이킹,7.75
882,돌아오지 않는 강,0
883,청일전쟁과 여걸 민비,0
884,깊은 밤 갑자기,0
885,차와 동정,0
886,달밤체조 2015,9.29
887,왕중왕,0
888,라쇼몽,0
889,더 넌: 수녀의 저주,2.00
890,나의 연기 워크샵,0
891,추하 내사랑,0
892,몸부림치는 젊은이들,0
893,벙어리 삼룡이,0
894,솔로몬과 시바의 여왕,0
895,상록수,0
896,메리 크리스마스 미스터 모,8.91
897,애프터매스,6.60
898,지구 최후의 날,7.88
899,서부의 불청객,0
900,아담과 이브,0
901,이오지마의 영웅,0
902,한니발,0
903,허슬러,0
904,"메밀꽃, 운수 좋은 날, 그리고 봄봄",0
905,현상금 사냥꾼,0
906,소나기,6.73
907,싱 스트리트,0
908,오만과 편견,0
909,방황의 날들,0
910,러브 미 텐더,0
911,예수는 역사다,7.77
912,자유만세,0
913,삼등과장,0
914,가버나움,9.59
915,일렉트릭 하트,2.00
916,정복되지 않는 사람들,0
917,샐러리맨,0.00
918,노 게임 노 라이프 -제로-,7.27
919,러브리스,8.08
920,여로,0
921,전송가,0
922,원한의 도곡리 다리,0
923,이어도,0
924,백야,0
925,여자의 일생,0
926,로맨스그레이,0
927,"서서평, 천천히 평온하게",9.18
928,愛憎,0
929,위대한 카루소,0
930,페드라,0
931,철부지 아가씨의 첩보작전,0
932,논-픽션,7.77
933,새터데이 처치,9.00
934,레옹,6.91
935,슬픔은 그대 가슴에,0
936,선생님!... 좋아해도 될까요?,7.88
937,시월애,0
938,필로우 토크,0
939,제 2회 콕! 애니 Killing,0
940,파리로 가는 길,0
941,인투 더 나잇,0
942,연산군,0
943,아사코,7.29
944,동심초,0
945,메기,8.20
946,건가 딘,0
947,교수목,0
948,이 생명 다하도록,0
949,철부지 아씨,0
950,내게 남은 사랑을,8.19
951,쇼처럼 즐거운 인생은 없다,0
952,무간도2 - 혼돈의 시대,0
953,천국이 허락한 모든 것,0
954,라라미에서 온 사나이,0
955,밀라노의 기적,0
956,에스더의 왕,0
957,기러기 아빠,0
958,족구왕,0
959,로즈마리,0.00
960,세상에서 가장 아름다운 여인,0
961,스탑 메이킹 센스,0
962,암흑가의 방문객,0
963,마야,0.00
964,황야의 역마차,0
965,밤의 충돌,0
966,비포 선라이즈,0.00
967,다윗과 밧세바,0
968,문라이트,0.00
969,콜보이,7.32
970,우리는 같은 꿈을 꾼다,8.07
971,내 심혼의 음악,0
972,위스키 밴디트,6.70
973,애수,0
974,나쁜종자,0
975,박서방,0
976,마부,0
977,룻 이야기,0
978,아프리카의 여왕,0
979,의적 일지매,0
980,물방울,0.00
981,루나,0.00
982,앤트로포이드,0
983,암행어사 박문수,0
984,지옥의 묵시록,0
985,포크 촙 힐,0
986,보카치오 70,0
987,마리안느와 마가렛,9.55
988,탐정야화,0
989,왕자 호동,0
990,그랜드 듀얼,0
991,계절과 계절 사이,8.55
992,일주일 그리고 하루,0
993,스포트라이트,0
994,미스터 앤 미스터 대디,8.11
995,뮤직맨,0
996,마지막 황제,8.63
997,시에라 마드레의 보물,0
998,사랑의 변주곡,0
999,화이트 크리스마스,0
1000,아오 오니,3.18
1001,몽상가들,0
1002,새벽의 기수,0
1003,죽은 시인의 사회,0
1004,숲속의 부부,5.45
1005,싸이코 킬러,0
1006,동주,0
1007,영광의 탈출,0
1008,요조숙녀,0
1009,러브레터,0.00
1010,여인들,6.05
1011,"조제, 호랑이 그리고 물고기들",0
1012,자전거 도둑,0
1013,프렌치 캉캉,0.00
1014,대원군,0
1015,열다섯의 순수,0
1016,SESIFF2018 문래초등학교 단체 관람 : 5 & 6학년,0
1017,벌새,8.75
1018,애욕과 전장,0
1019,나폴리의 황금,0
1020,썸머타임,0.00
1021,해피엔드,7.95
1022,협녀,0
1023,제17 포로수용소,0
1024,비수,0.00
1025,SPFF 2018 얼음강+백서,0
1026,금지된 장난,0
1027,밤의 문이 열린다,7.51
1028,플래니테리엄,0
1029,34번가의 기적,0
1030,OK 목장의 결투,0
1031,성숙의 20세,0
1032,올리버 트위스트,0
1033,인터멧조,0
1034,내가 마지막 본 파리,0
1035,가을 햇살,0
1036,지슬 - 끝나지 않은 세월2,0
1037,용의자 X적헌신,8.38
1038,존 웨인의 기병대,0
1039,걸즈 앤 판처 극장판,7.88
1040,원 네이션,7.40
1041,사랑방 손님과 어머니,0
1042,양아치 느와르,8.27
1043,잡식가족의 딜레마,0
1044,길다,0.00
1045,MSFF2018 희극지왕 3,0
1046,점박이:한반도의 공룡3D,0
1047,아라비안 나이트,0
1048,코로넬 블림프,0
1049,뜨거운 것이 좋아,0
1050,젊은이의 양지,0
1051,2018_hyukoh_24howtofindtrueloveandhappiness.proproj,9.75
1052,오페라의 유령,0
1053,애꾸눈 잭,0
1054,SESIFF2018 문래초등학교 단체 관람 : 3 & 4학년,0
1055,아버지를 찾아서,7.00
1056,파라독스,7.50
1057,MSFF2018 사랑에 관한 짧은 필름 1,0
1058,별들의 고향,0.00
1059,대황원,0
1060,독일 영년,0
1061,보이 앤 더 월드,0
1062,SIFF2018-통일기획전 2,0
1063,명탐정 코난:진홍의 연가,8.79
1064,"416 프로젝트 ""공동의 기억: 트라우마""",0.00
1065,오두막,10.00
1066,혼도,0
1067,라푼젤,0
1068,친구엄마 2018,0.00
1069,두 여인,0
1070,맥추,0
1071,동창회의 목적 3,5.33
1072,천황군대는 진군한다,0
1073,하타리,0
1074,열정의 랩소디,0
1075,개선문,0
1076,동경 이야기,0
1077,몬도 가네,0
1078,즐거운 나의 집 101,0
1079,빅 컨츄리,0.00
1080,하오의 결투,0
1081,국제시장,0
1082,노 웨이 아웃,0.00
1083,베스트 오브 유스 1,0
1084,내일은 영원히,0
1085,검은 백조,0
1086,사막의 여우 롬멜,0
1087,피안화,0
1088,말타의 매,0
1089,매그놀리아,0
1090,원스,0.00
1091,무방비 도시,0
1092,나바론 요새,0
1093,환타지아2000,0
1094,돈 보더 투 노크,0
1095,대장 부리바,0
1096,마미,0.00
1097,인생의 종착역,0
1098,나무없는 산,0
1099,길은 멀어도 마음만은,0
1100,촌색씨,0
1101,사일런스,0.00
1102,선셋 대로,0
1103,"나는 내일, 어제의 너와 만난다",0
1104,오즈의 마법사,0
1105,여사장,0.00
1106,MSFF2018 4만번의 구타 2,0
1107,플래시 댄스,0
1108,스틸 더 머니: 314 비밀금고,0
1109,스틸 리메인즈,4.50
1110,시민 제인: 도시를 위해 싸우다,0
1111,데어 윌 비 블러드,0
1112,MSFF2018 비정성시 1,0
1113,세인트 메리의 종,0
1114,앤티 맘,0
1115,태양은 가득히,0
1116,동급생,0.00
1117,MSFF2018 비정성시 3,0
1118,트로이의 헤렌,0
1119,여름이야기,0.00
1120,MSFF2018 사랑에 관한 짧은 필름 2,0
1121,포스트맨은 벨을 두번 울린다,0
1122,펀치 드렁크 러브,0
1123,6년간의 의혹,0
1124,나의 산티아고,0
1125,신은 죽지 않았다 2,0
1126,언어의 정원,0
1127,토이 스토리,0
1128,언더독,9.33
1129,로리타,0
1130,주먹왕 랄프,8.62
1131,꿈보다 해몽,0
1132,인어공주,5.40
1133,발레리나,0.00
1134,007 살인번호,0
1135,스노우맨,0.00
1136,케인호의 반란,0
1137,MSFF2018 희극지왕 1,0
1138,산딸기 5,0
1139,MSFF2018 희극지왕 2,0
1140,해녀,0.00
1141,추억의 불야성,0
1142,건힐의 결투,0
1143,MSFF2018 비정성시 4,0
1144,왼손잡이 권총,0
1145,길,9.37
1146,지난 여름 갑자기,0
1147,풋루즈,0
1148,세인트 루이스에서 만나요,0
1149,시민 케인,0
1150,민며느리,0
1151,새,8.05
1152,SESIFF2018 아버지 학교,0
1153,배틀크릭,10.00
1154,겨울 이야기,0.00
1155,애인,4.03
1156,금욕,0
1157,뷰티 앤 더 독스,7.50
1158,300 스파르탄,0
1159,귀여운 빌리,0
1160,몽키 비지니스,0
1161,MSFF2018 4만번의 구타 1,0
1162,아이언맨 3,0
1163,2018 중앙영화제 일출,0
1164,순수한 사람들,0
1165,톡식 어벤져,7.18
1166,봄 이야기,0.00
1167,서울의 지붕 밑,0
1168,바람에 쓴 편지,0
1169,가을이야기,0.00
1170,오직 사랑하는 이들만이 살아남는다,0
1171,에덴의 동쪽,0
1172,해는 또다시 뜬다,0
1173,암행어사와 흑두건,0
1174,카라마조프가의 형제들,0
1175,감시자들,0.00
1176,어벤져스: 에이지 오브 울트론,0
1177,환상속의 그대,0
1178,노무현입니다,8.92
1179,가디언즈 오브 갤럭시 VOL. 2,8.94
1180,메리와 마녀의 꽃,7.09
1181,아워 바디,6.61
1182,마담 프루스트의 비밀정원,0
1183,비애,0.00
1184,분노의 강,0
1185,전함 슈퍼호의 최후,0
1186,애천,0
1187,줄리어스 시저,8.00
1188,바람이 데려다줄 거야,0
1189,착한 친구엄마,6.71
1190,돼지꿈,0
1191,나의 소녀시대,0
1192,MSFF2018 비정성시 2,0
1193,덕혜옹주,0
1194,토이 스토리 2,0
1195,워낭소리,0
1196,오아시스 세탁소,6.33
1197,안녕하세요,7.59
1198,뮤지컬 홀리데이 인,8.06
1199,메멘토,0.00
1200,블루,8.48
1201,굿모닝 맨하탄,0
1202,실종: 비밀의 소녀,4.89
1203,원탁의 기사,0.00
1204,스톤 부인의 로마의 봄,0
1205,살인나비를 쫓는 여자,0
1206,고종황제와 의사 안중근,0
1207,야생의 순수,0
1208,천주정,0
1209,마중: 커피숍 난동 수다 사건,0
1210,가면의 정사,0
1211,소닉 씨,0
1212,평원아,0
1213,춤추는 대뉴욕,0
1214,하이큐!! 재능과 센스,9.16
1215,이상한 나라의 앨리스,0.00
1216,안데르센,0
1217,철원기행,0
1218,부기나이트,0
1219,마지막 돼지,0.00
1220,풍뎅이뎅이,8.73
1221,SIFF2018-개막식,0
1222,꾼,7.63
1223,MSFF2018 절대악몽 3,0
1224,상과 하,0
1225,피크닉,8.44
1226,MSFF2018 사랑에 관한 짧은 필름 3,0
1227,오직 남자들만 무덤으로 간다,0
1228,충녀,0
1229,게스트하우스,7.30
1230,나의 서른에게,8.38
1231,천국과 지옥,0
1232,요묘전: 레전드 오브 더 데몬 캣,4.87
1233,너의 췌장을 먹고 싶어,8.38
1234,나는 마녀와 결혼했다,0
1235,비상착륙,0
1236,리오 그란데,0
1237,anffis 2018 우리 곁의 동물들,0
1238,파도,7.50
1239,"님아, 그 강을 건너지 마오",0
1240,모감보,0
1241,트리트 미 라이크 파이어,6.87
1242,센난 석면 피해 배상소송,10.00
1243,엘머 갠트리,0
1244,여동생 친구,7.00
1245,SIFF2018-폐막식,0
1246,늙은 자전거,0
1247,초속5센티미터,0
1248,히트,0.00
1249,천당의 밤과 안개,8.08
1250,아가씨,7.67
1251,천국의 열쇠,0
1252,갈채,0
1253,여기자 20년,0
1254,노다지,0
1255,토파즈,0
1256,라지아,9.00
1257,박열,8.12
1258,구름은 흘러도,0
1259,파리 에듀케이션,8.62
1260,아일랜드의 여왕,0
1261,홈 타운 스토리,0
1262,자니 기타,0
1263,흑인 오르페,0
1264,그녀는 시를 쓴다,0.00
1265,"그 시절, 우리가 좋아했던 소녀",7.80
1266,녹색광선,0
1267,명량,0
1268,시카리오: 암살자의 도시,0
1269,실록 김두한,0
1270,흑기사,0
1271,동경의 황혼,0
1272,저주받은 목걸이,0
1273,육체의 약속,0
1274,특별한 날,0.00
1275,목소리의 형태,0
1276,인히어런트 바이스,0
1277,울타리 밖의 사람들,9.00
1278,내 친구 정일우,8.93
1279,가디언즈 오브 갤럭시,8.94
1280,이조 여인잔혹사,0
1281,서바이벌 패밀리,8.62
1282,자매의 화원,0
1283,은술잔,0
1284,마당을 나온 암탉,0
1285,더 랍스터,0
1286,아이들의 시간,6.48
1287,가을비 우산속에,0
1288,키다리 아저씨,9.50
1289,카사블랑카,0.00
1290,다잉,8.86
1291,모던 타임즈,0
1292,델마와 루이스,0.00
1293,보와니의 분기점,0
1294,꿈,10.00
1295,어느 여대생의 고백,0
1296,눈의 여왕 3: 눈과 불의 마법대결,0
1297,스틸라이프,0.00
1298,마리암과 리나,0.00
1299,아파트 생태계,10.00
1300,만춘,0
1301,"내 어깨 위 고양이, 밥",0
1302,다시..올래,0
1303,시리아에서,6.00
1304,사수,7.00
1305,퍼스트 어벤져,0.00
1306,우아한 거짓말,0
1307,라이프 필스 굿,0
1308,인도차이나,0
1309,투 로드 투게더,0
1310,분홍신,0
1311,4등,0
1312,마이 플레이스,0.00
1313,플래툰,0
1314,어느 박람회장에서 생긴 일,0
1315,자유부인,0
1316,흔들리는 물결,0
1317,화녀 '82,0
1318,다방의 푸른 꿈,0
1319,로마여 영원하라,0
1320,헤어스프레이,0
1321,여인잔혹사 물레야 물레야,0
1322,만추,0.00
1323,시네마 천국,0
1324,황금팔을 가진 사나이,0
1325,바그다드 카페 : 디렉터스컷,0
1326,로맨스 빠빠,0
1327,SESIFF2018 경쟁2_삶의 흑과 백,0
1328,SESIFF2018 경쟁1_사랑에 대한 모든 것,0
1329,SESIFF2018 경쟁3_나는 아무것도 보지 못했다,0
1330,SESIFF2018 경쟁4_아이들의 눈으로,0
1331,SESIFF2018 경쟁5_아버지와 나,0
1332,SESIFF2018 경쟁6_여성으로서의 여자들,0
1333,SESIFF2018 경쟁7_21세기의 가족,0
1334,SESIFF2018 경쟁8_구원에의 갈망,0
1335,"SESIFF2018 경쟁9_상상, 그 너머에",0
1336,SESIFF2018 문래초등학교 단체 관람 : 2학년,0
1337,십자포화,0
1338,그날 본 꽃의 이름을 우리는 아직 모른다,0
1339,"가장 따뜻한 색, 블루",0
1340,극장판 소드 아트 온라인 -오디널 스케일-,8.96
1341,폭풍의 언덕,0
1342,한낮의 피크닉,8.44
1343,태풍이 지나가고,0
1344,5인의 해병,0
1345,리버티 밸런스를 쏜 사나이,0
1346,레인보우: 나의 사랑,5.25
1347,할머니의 먼 집,0
1348,어느 시골 사제의 일기,0
1349,방랑자들,0
1350,겟 아웃,8.00
1351,다음 침공은 어디?,0
1352,황태자의 첫사랑,0
1353,신을 믿습니까?,0
1354,로미오와 줄리엣,0.00
1355,백만장자와 결혼하는 법,0
1356,알라모,0
1357,앙: 단팥 인생 이야기,0
1358,일 포스티노,0
1359,딥,5.57
1360,오발탄,0
1361,옵티그래프,0.00
1362,꾸뻬씨의 행복여행,0
1363,해운대,0
1364,파수꾼,0.00
1365,MSFF2018 절대악몽 1,0
1366,로드 투 로마,0
1367,맛있는 스와핑,5.00
1368,스와핑 민박집,3.50
1369,야한 짓: 감독판,0.00
1370,중독: 관음증-감독판,3.00
1371,내 여자의 정사: 감독판,1.00
1372,향단이 나르샤 감독판,3.67
1373,음란 조선 기방,7.00
1374,국가 성생활 관리위원회-무삭제판,10.00
1375,세 번째 엄마 무삭제판,10.00
1376,새 어린 엄마 - 무삭제판,2.50
1377,김본좌의 야동남녀- 무삭제판,1.00
1378,아내의 외도: 감독판,0.00
1379,어린 새엄마-무삭제판,3.00
1380,맛있는 섹스 누나 친구-감독판,10.00
1381,마지막 정사: 여럿이 다같이-무삭제판,10.00
1382,완전한 사육: 감금의 미학,4.00
1383,쇠파리,5.69
1384,원스 어폰 어 타임 인 아메리카,0
1385,새 엄마의 선물 떡 - 무삭제판,0.00
1386,두번째 엄마2-무삭제판,0.00
1387,새로운 엄마친구-무삭제판,0
1388,옥스보우 인시던트,0
1389,벅스 라이프,0
1390,동물원,8.73
1391,죽음의 사막,0
1392,랩소디,9.42
1393,피아니스트 세이모어의 뉴욕 소네트,0
1394,우리도 사랑일까,6.81
1395,레터스 투 줄리엣,0
1396,7인의 신부,0
1397,착한 장모,0.00
1398,야한 정사의 맛 - 무삭제판,0
1399,내 엄마의 친구,4.67
1400,가려진 시간,0
1401,비는 행운을 싣고,0
1402,블랙,7.51
1403,겨울밤에,6.34
1404,한공주,0
1405,CaFF 2018 초이스 단편1,0
1406,CaFF 2018 특별전(단편),0
1407,수파 모도,0.00
1408,어둠 속의 자유,0
1409,빈센트 반 고흐 : 새로운 시선,0
1410,바람과 함께 걷다,0.00
1411,내가 돌아갈 곳,0.00
1412,얼굴이 아니고 마음입니다,0
1413,연연풍진,0
1414,상해전기,0
1415,업,6.61
1416,"소녀, 하늘을 날다!",6.76
1417,폭스캐처,0
1418,위대한 바들리스,0
1419,태풍 클럽,0
1420,PDFF2018 개막식,0
1421,아이언맨 2,0
1422,올 리브 올리브,0
1423,법과 질서,0
1424,은빛 지구,0
1425,유리 감옥,0
1426,산딸기 6,0
1427,연가시,0
1428,타워,0.00
1429,오키나와 블루,0
1430,사랑의 기적,0
1431,CaFF 2018 단편경쟁 3,0
1432,SIFF2018-경쟁단편 2,0
1433,CaFF 2018 초이스 단편2,0
1434,CaFF 2018 단편경쟁 1,0
1435,포르투나,0.00
1436,휴게소,0
1437,선인장,0.00
1438,모정,0
1439,샤인,0.00
1440,원죄,5.50
1441,스펠바운드,0
1442,존 휴스턴 회고전-미스터 앨리슨,0
1443,우정어린 설복,0
1444,토르: 다크 월드,0
1445,빅 트리,0
1446,피치걸,6.18
1447,미녀와 야수,8.78
1448,SIFF2018-통일기획전 1,0
1449,SIDOF2018_명호/통금/페미니스트와 휴머니스트,0
1450,너와 100번째 사랑,7.91
1451,또 다른 벽,0.00
1452,사우스사이드 위드 유,0
1453,CaFF 2018 애니메이션 단편1,0
1454,CaFF 2018 애니메이션 단편2,0
1455,CaFF 2018 애니메이션 단편3,0
1456,의대생들,0
1457,일진,5.52
1458,리틀갓,0.00
1459,사돈처녀,8.50
1460,7년만의 외출,0
1461,SIFF2018-특별단편 5,0
1462,야공작,0
1463,MSFF2018 절대악몽 2,0
1464,모두가 왕의 부하들,0
1465,SIFF2018-경쟁단편 4,0
1466,MSFF2018 미래에 관한 단상들 1,0
1467,피아니스트,8.75
1468,상처뿐인 영광,0
1469,페르소나,5.00
1470,환상의 빛,0
1471,하동채복: 두 사람의 노래,10.00
1472,위 워 솔저스,0.00
1473,노인과 바다,0
1474,언니는 말괄량이,0
1475,길소뜸,0
1476,꼭대기 방,0
1477,그녀의 인생은 잘못이 없어,6.27
1478,건축학개론,0
1479,달콤한 인생,0
1480,뽀삐,0.00
1481,anffis 2018 클로즈업,0
1482,라이카,0.00
1483,꿈은 소의 수의사,0
1484,맨체스터 바이 더 씨,0
1485,SPFF 2018 폐막작(단편 쇼케이스),0
1486,관계의 의미,0.00
1487,부도덕한 이야기,0
1488,하오의 연정,0
1489,극사적 에로스,0
1490,빛나는,0.00
1491,동화,0.00
1492,잊혀진 이야기,0.00
1493,마음의 행로,0
1494,아파치요새,0
1495,토르: 천둥의 신,0
1496,전사의 용기,0
1497,엔젤,8.70
1498,AISFF 2018 국제경쟁 그룹1,0
1499,악마의 등뼈,0
1500,로마서 8:37,0
1501,핵소 고지,0
1502,즐거운 영혼,0
1503,당나귀 발타자르,0
1504,웨스트 사이드 스토리,0
1505,데드 리스트,0.00
1506,젊은엄마네하숙집,6.40
1507,SIFF2018-경쟁단편 5,0
1508,아메리카 타운,7.38
1509,MSFF2018 전년도수상작 3,0
1510,데미트리아스,0
1511,부초,0
1512,여고괴담 두번째 이야기,0
1513,바이스: 범죄도시,0
1514,나쁜 엄마,6.14
1515,SMIFF2018 수상작,0
1516,프랑스에서,0.00
1517,국경의 왕,7.73
1518,SIDOF2018_친구들/불편한영화제/도망치는 것은 비겁하지만 도움이 된다,0
1519,SESIFF2018 수상작,0
1520,홉슨의 사위 고르기,0
1521,잔느 딜망,0
1522,고양이 케디,8.87
1523,한강에게,7.73
1524,예쁜누나,6.50
1525,사무라이 2,0
1526,케빈에 대하여,0
1527,초대녀 2,5.71
1528,스테잉 버티컬,0
1529,파울라,0.00
1530,은판 위의 여인,0
1531,수색자,0
1532,MSFF2018 전년도수상작 1,0
1533,김군,8.13
1534,더티댄싱,0
1535,언제나 둘이서,0
1536,보희와 녹양,9.15
1537,엘리스 헤지나,0
1538,글루미 선데이,0
1539,어린 처제,8.00
1540,해안가로의 여행,0
1541,무용,0.00
1542,스카라무슈,0
1543,자그로스,9.00
1544,SIFF2018-선택단편 3,0
1545,SIFF2018-경쟁단편 1,0
1546,아마도 악마가,0
1547,2018 중앙영화제 아침,0
1548,2018 중앙영화제 저녁,0
1549,2018 중앙영화제 일몰,0
1550,여동생 커플 훔쳐보기,0.00
1551,SIFF2018-경쟁단편 3,0
1552,수상한 노래방,7.00
1553,문영,0
1554,매트 헌터,0
1555,MSFF2018 심야상영,0
1556,럼블 피쉬,0
1557,친애하는 당신,0
1558,디서비디언스,7.55
1559,레드히트,0
1560,신원불상,9.67
1561,대지,8.61
1562,섹스 인 더 게임,7.50
1563,공주와 해적,0
1564,위대한 레보스키,0
1565,캅 랜드,0
1566,도라에몽 : 스탠 바이 미,0
1567,세일러복과 기관총,0
1568,처녀 사냥,5.14
1569,어린 누나,7.75
1570,엄마 애인,2.00
1571,병속에 담긴 편지,0
1572,콰이강의 다리,0
1573,딸의 애인,5.50
1574,나이아가라,0
1575,우리 주변의 동물들,0.00
1576,부드러운 여인,0
1577,안녕 히어로,0
1578,암살,7.77
1579,화끈한 홈서비스,7.64
1580,장수상회,0
1581,초대녀,5.71
1582,형님 아내4(우주공주 춘향),5.00
1583,너는 결코 서둘지 말라,0.00
1584,어린 이모,4.38
1585,음란한 모델,6.50
1586,교회누나,5.72
1587,과외의 추억,6.67
1588,머나먼 서부,0
1589,어린 엄마,2.50
1590,여자가 계단을 오를 때,0
1591,첫경험,0.00
1592,히로인 실격,0
1593,어린 누나 2,7.75
1594,빅터 빅토리아,0
1595,죽음을 떠나는 남자,0.00
1596,더티웨딩,1.00
1597,어린 처제 2,5.14
1598,나는보리,9.49
1599,어린 처형,8.60
1600,이웃집 아내,2.00
1601,조건아빠: 슈가대디,4.25
1602,애정이 꽃피는 나무,0
1603,토요일 밤의 열기,0
1604,돈,7.42
1605,맛있는 아내,6.57
1606,우리가족같이,10.00
1607,"러브, 사이먼",8.21
1608,조용한 열정,0
1609,레드 소냐,0
1610,어 키드 라이크 제이크,0.00
1611,블루 발렌타인,0
1612,어쌔신: 더 비기닝,6.93
1613,호우시절,0
1614,칠드런 오브 맨,0
1615,튀니지의 샬라,0
1616,메리 포핀스,8.17
1617,니키타,0
1618,청년경찰,8.26
1619,조건엄마:슈가맘,2.50
1620,걸,8.61
1621,북경의 55일,0
1622,와지브,0.00
1623,여선생2,6.80
1624,보리수,0
1625,쾌락 도우미 무삭제,0
1626,쾌락의 밀실 무삭제,0
1627,발칙한 동거,6.83
1628,이사,0.00
1629,별을 쫓는 아이,0
1630,남의 아내,8.00
1631,라따뚜이,0
1632,아들의 아내 무삭제,0
1633,토리노의 말,0
1634,사범,9.60
1635,SIFF2018-특별단편 4,0
1636,"블랙회사에 다니고 있는데, 지금 나는 한계에 도달했는지도 모른다",0
1637,은밀한 여작가의 사생활,6.00
1638,워터 프론트,0
1639,가정부 길들이기,8.33
1640,해피 아워,0.00
1641,퍼스널 쇼퍼,0
1642,마지막 한 걸음까지,0
1643,세퍼레이트 테이블,0
1644,멀홀랜드 드라이브,0
1645,프란시스 하,0
1646,나막신 나무,0
1647,상속녀,9.00
1648,로코와 그의 형제들,0
1649,피를 빠는 인형,2.57
1650,군용열차,0
1651,검은 태양은 밝아온다,0
1652,논스톱: 다마스커스 타겟,6.81
1653,죄악의 천사들,0
1654,배틀필드: 카르발라 전투,0
1655,회전목마,0.00
1656,더 시크릿 하우스,8.71
1657,타짜의 목적 무삭제,0
1658,센소,0
1659,루이 14세의 죽음,0
1660,SIDOF2018_9월/투명한 음악/퀴어의 방/나를 위한 변명,0
1661,성월동화,0
1662,레이,8.00
1663,숀벤 라이더,0
1664,이스터 퍼레이드,0
1665,벤딩 디 아크: 세상을 바꾸는 힘,8.69
1666,거짓말 애인-감독판,0
1667,알래스카 북극곰,5.80
1668,도쿄 구울,4.84
1669,DIMA 방송보도제작과 영상제 ‘책갈피’ 1부 - Prologue,0
1670,DIMA 방송보도제작과 영상제 ‘책갈피’ 2부 - Epilogue,0
1671,저수지 게임,9.11
1672,백주의 결투,0
1673,탈주자,0
1674,그대와 영원히,0
1675,SPFF 2018 국내단편 3,0
1676,에곤 쉴레: 욕망이 그린 그림,0
1677,아티스트,0.00
1678,작은 빛,7.26
1679,착한 이모의 은밀한 아르바이트,4.00
1680,뷰티풀 보이스,5.63
1681,유스,0.00
1682,보통사람들,7.96
1683,사랑하는 시바여 돌아오라,0
1684,성인용품 사용설명서,4.00
1685,글렌 밀러 스토리,0
1686,소피의 선택,0
1687,헤이트풀8,0
1688,토린호의 운명,0
1689,분노,9.00
1690,"카페, 한 사람을 기다리다",0
1691,아내와 제자들: 네토라레,4.33
1692,마음의 등불,0
1693,물망초,0
1694,SIFF2018-심야상영 밤새 GO,0
1695,동창생의 목적 - 감독판,0
1696,kqff 2018 국내단편2: 중력을 벗어나,0
1697,체리 그로브 스토리,0.00
1698,졸업,8.86
1699,"색, 계",0
1700,반도레로,0
1701,이재용과 허진호의 작은 사랑 둘,0
1702,엉클 분미,0
1703,위 아 엑스,0
1704,영시,8.75
1705,불륜 정사의 맛-감독판,0
1706,부다페스트 느와르,7.67
1707,포스 오브 이블,0
1708,기동전사 건담 디 오리진 IV - 운명의 전야,0
1709,시크릿 어페어,7.12
1710,그린 맨션,0
1711,살로메,10.00
1712,메멘토모리,4.46
1713,아프리칸 닥터,0
1714,투 라이프,0.00
1715,다른 길이 있다,0
1716,겨울여자,0
1717,무숙자,0
1718,쾌걸 조로,0
1719,플립,0.00
1720,뭘 또 그렇게까지,0
1721,MSFF2018 전년도수상작 2,0
1722,기동전사 건담 디 오리진 III - 새벽의 봉기,0
1723,타인의 취향,0
1724,레터스,0.00
1725,"광해, 왕이 된 남자",0
1726,쳐다보지 마라,0
1727,무셰트,0
1728,굿바이 CP,0.00
1729,기동전사 건담 디 오리진 I - 푸른 눈의 캬스발,0
1730,kqff 2018 국내단편1: 히든 캐릭터,0
1731,데카당스: 섹스 중독 그녀,0
1732,정사 : 질투의 덫 - 감독판,0
1733,희랍인 조르바,0
1734,"알로, 슈티",0
1735,카바라의 밤,0
1736,아이 앰 히스 레저,9.09
1737,판의 미로 - 오필리아와 세 개의 열쇠,0
1738,AISFF 2018 국제경쟁 그룹4,0
1739,잔다르크의 재판,0
1740,전망 좋은 섹스-감독판,0
1741,위대한 유산,0
1742,불안의 영화,0
1743,빈센트,0.00
1744,그들도 우리처럼,0
1745,내셔널 갤러리,0.00
1746,사랑과 무정부,0
1747,스트레이트 스토리,0
1748,용순,6.52
1749,SPFF 2018 해외단편 4,0
1750,로미오와 줄리엣,0.00
1751,SIFF2018-선택단편 2,0
1752,유부녀들의 맛,8.58
1753,길모퉁이 가게,7.00
1754,극장판 공룡메카드: 타이니소어의 섬,9.15
1755,아이언 이글,0
1756,캐빈 인 더 우즈,0
1757,피나,0
1758,밀애 : 친구의 아내,10.00
1759,흐트러진 구름,0
1760,아이엠 호프맨,9.09
1761,리벤지,0.00
1762,친구엄마들,6.71
1763,시인 할매,9.70
1764,블루스를 부르는 여인,0
1765,불로뉴 숲의 여인들,0
1766,루터,0.00
1767,하늘색 심포니,0
1768,지붕 위의 바이올린,0
1769,스와니 강,0
1770,나의 길을 가련다,0
1771,"구름의 저편, 약속의 장소",0
1772,여성으로 살아가기 –인디피크닉2018,0
1773,환생령,5.44
1774,제인 에어,0
1775,어린 여배우 무삭제판,0
1776,금지된 섹스,5.00
1777,인공지능 섹스돌,5.14
1778,섹스-이웃집 여자-감독판,0
1779,기동전사 건담 디 오리진 II - 슬픔의 아르테이시아,0
1780,젊은 누나-감독판,0
1781,선녀는 몸으로 운다-감독판,6.00
1782,폰 섹스의 덫-감독판,0
1783,아버지의 인생,0.00
1784,피스메이커,0.00
1785,라빠르망,0.00
1786,파리 대탈출,0
1787,"MSFF2018 시그니처: 하나의 이야기, 다른 영화 1",0
1788,공즉시색 2,3.00
1789,나의 마음은 지지 않았다,0
1790,아가씨와 건달들,0
1791,언더 씨즈,0
1792,아무르,0.00
1793,검은 사제들,0
1794,노틀담의 꼽추,0
1795,근거리 연애,0
1796,구봉서의 벼락부자,0
1797,탐정 당인: 차이나타운 살인사건,0
1798,말해의 사계절,0.00
1799,가래떡의 맛: 감독판,5.50
1800,뷰티플 마인드,9.89
1801,어머니,0.00
1802,SIFF2018-선택단편 1,0
1803,한없는 추적,0
1804,우리가 잃어버릴 청춘,0
1805,사형수 탈옥하다,0
1806,안녕 여름빛,0
1807,음식남녀,0
1808,HYUKOH_NA_TOUR1.PRPROJ,0
1809,거짓말 2018: 감독판,2.78
1810,블랑쉬,0
1811,SESIFF2018 E-CUT 감독을 위하여,0
1812,SESIFF2018 블러디 나잇 from Clermont-Ferrand,0
1813,SESIFF2018 Extreme-Shorts with 윤성호,0
1814,정사 : 착한 며느리들 2,0.00
1815,바이킹: 왕좌의 게임,0
1816,히치 하이커,0.00
1817,친구누나2,0.00
1818,호수의 란슬롯,0
1819,영웅본색,3.03
1820,복수무정,10.00
1821,슈퍼소닉,0
1822,극장판 유희왕 더 다크 사이드 오브 디멘션즈,0
1823,오렌지필름 영화제 요즘 어떤 이별 하세요?,0
1824,불륜 동창회,7.50
1825,엄마친구 4,3.00
1826,밀애 : 친구엄마,0.00
1827,정사 : 착한 며느리들,0.00
1828,비뇨기과 여의사들,3.86
1829,미용실 : 특별한 서비스 2,4.17
1830,격정의 계절,0
1831,서부의 왕자,0
1832,구름 저편에,0
1833,동년왕사,0
1834,미스터 로버츠,0
1835,사촌 누나,0.00
1836,정사 : 캠퍼스 커플,10.00
1837,애인 : 아내의 남자,0.00
1838,착한 엄마친구 2,6.71
1839,엄마의 연애,4.33
1840,정사 : 친구의 엄마 2,4.00
1841,바람난 여자들2,4.29
1842,룸싸롱 여대생들,5.93
1843,새오빠2,4.80
1844,여자 하숙집2,5.00
1845,선택과 진실,0.00
1846,내 친구 엄마,4.67
1847,스타 메이커,0
1848,달빛궁궐,0
1849,바람이 우리를 데려다 주리라,0
1850,하숙집 여자들,5.00
1851,착한 형수 3,0.00
1852,밀애 : 부부카풀,5.50
1853,아내의 애인 2,5.50
1854,물고기 떼,0
1855,한국 다큐 : 영화과를 졸업한 언니들과 나 + 수퍼 디스코,0
1856,아내의 엄마,8.00
1857,지지,0.00
1858,정사 : 아내의 친구,6.75
1859,파리넬리,0
1860,정사 : 어린 새엄마,6.00
1861,사브리나,0
1862,"아, 봄",0
1863,작은 아씨들,0.00
1864,아름다운 비행,0
1865,2018 세종영화제 커튼콜섹션+시상식,0
1866,장미의 행렬,0
1867,SESIFF2018 지하철 상영,0
1868,아메리칸 허니: 방황하는 별의 노래,0
1869,제20회 대전독립영화제 연대와 유대의 초대 1,0
1870,SESIFF2018 끌레르몽 페랑 단편 영화제 특별전,0
1871,SESIFF2018 끌레르몽 페랑에서 온 동화,0
1872,제20회 대전독립영화제 연대와 유대의 초대 2,0
1873,몬테즈마의 영웅들,0
1874,SESIFF2018 브뤼셀 단편 영화제 특별전,0
1875,"잠든 콘크리트: 사회주의, 자본주의를 만나다 + 골목의 이야기",0
1876,여배우는 오늘도,8.86
1877,나무가 나에게,0.00
1878,아수라,0.00
1879,렛 미 인,0
1880,쥘과짐,0
1881,흐트러지다,0
1882,코만체로스,0
1883,앨리스 죽이기,4.25
1884,SESIFF2018 카날+ 특별전,0
1885,여자친구,8.12
1886,작은 거인들,5.50
1887,SPFF 2018 국내단편 2,0
1888,젊은 장모,0.00
1889,PDFF2018 장애인미디어운동1,0
1890,PDFF2018 해외초청1 & 사전제작지원,0
1891,PDFF2018 장애인미디어운동2,0
1892,PDFF2018 PDFF경선3,0
1893,PDFF2018 PDFF경선4,0
1894,PDFF2018 국내초청2,0
1895,PDFF2018 폐막식,0
1896,PDFF2018 PDFF경선2,0
1897,초승달의 집,0.00
1898,이미그레이션 게임,5.22
1899,카모메 식당,0
1900,도희야,0
1901,세인트 앤 솔저: 최강전차부대,0
1902,한말풍운과 민충정공,0
1903,이모의 유혹,5.50
1904,제12회 대단한 단편영화제 배우 특별전,0
1905,천녀유혼,5.00
1906,옆집누나들,5.42
1907,슬픔이여 안녕,0
1908,전선의 우정,0
1909,양철북,0
1910,신세계,0.00
1911,자매의교환섹스,0.00
1912,베어,7.89
1913,SIDOF2018_관찰과 기억/당산/콘크리트의 불안,0
1914,대도적,0
1915,라스트 씬,7.11
1916,시라노,0.00
1917,비거 스플래쉬,0
1918,어느날 그 길에서,0
1919,가슴큰누나들,5.77
1920,미투 숨겨진 진실,2.90
1921,감금의 시간 2 무삭제,0
1922,소매치기,0
1923,코브라,0
1924,가을이야기,0.00
1925,내 아내의 언니 2,6.78
1926,빌리 진 킹: 세기의 대결,7.30
1927,"FIWOM 2018 미세스 맥커천+좋은 부모 대소동+레즈비언, 카메라, 액션",0
1928,군대,0.00
1929,사랑이 꽃피는 지구별 –인디피크닉2018,0
1930,매니저,9.00
1931,장모학개론,5.78
1932,아파치,0
1933,착한 여동생,6.67
1934,옆집소녀2,9.50
1935,SIDOF2018_시국페미/도시 목격자/끝나지 않은 편지,0
1936,유황도의 모래,0
1937,맛있는 세자매,7.00
1938,적인걸2 : 신도해왕의 비밀,0
1939,CaFF 2018 메이드인가톨릭,0
1940,환생,0.00
1941,이태리식 결혼,0
1942,겟어웨이 - 끝없는 도주,0
1943,동갑내기 엄마,5.75
1944,파이트 클럽,0
1945,아이언 자이언트,0
1946,세븐,0.00
1947,14th 필름다빈 프로젝트 : 류아벨 배우전,0
1948,SPFF 2018 국내단편 1,0
1949,지상 최대의 작전,0
1950,[인디포럼2018] 신작전 10 우리들의 21세기,0
1951,[인디포럼2018] 신작전 03 내 갈 길을 가마,0
1952,"남자, 화장을 하다 : 아이 원트 제로지",0.00
1953,고양이를 빌려드립니다,0
1954,바람꽃,10.00
1955,하이 눈,0
1956,정사 : 착한 숙모,10.00
1957,스카페이스,4.78
1958,킬링 군터,6.02
1959,부베의 여인,0
1960,프릭스,0.00
1961,새벽의 7인,0
1962,밀회,0
1963,타임 투게더,0
1964,공사의 희로애락,5.83
1965,슈팅,0.00
1966,마티,0.00
1967,삼인행: 생존 게임,0
1968,마담 드...,0
1969,하나의 선택,0
1970,제34조,0
1971,혈과사,0
1972,하이 스피드! –프리! 스타팅 데이즈-,0
1973,쏘리 엔젤,0.00
1974,우정은 결코 죽지 않는다,0.00
1975,히우네그루의 이야기,0
1976,"제20회 대전독립영화제 한국독립영화, 현재 진행형 1",0
1977,제20회 대전독립영화제 본선경쟁 섹션 7,0
1978,제20회 대전독립영화제 본선경쟁 섹션 5,0
1979,제20회 대전독립영화제 본선경쟁 섹션 4,0
1980,제20회 대전독립영화제 본선경쟁 섹션 3,0
1981,제20회 대전독립영화제 본선경쟁 섹션 2,0
1982,제20회 대전독립영화제 본선경쟁 섹션 1,0
1983,페소아의 리스본,0
1984,물랑 루즈,0
1985,헨리 5세,0
1986,미치광이 피에로,0
1987,이월,7.43
1988,헬로 어게인,0.00
1989,노스페라투,0.00
1990,해리의 소동,0
1991,에브리바디 파인,0
1992,아빠친구2,0.00
1993,맛있는 누나들,7.67
1994,뮤즈,10.00
1995,빅 아이즈,0
1996,시네마 퓨처,0
1997,마부제 박사의 유언,0
1998,안지오,0
1999,말리,4.00
2000,웃는 남자,0.00
2001,봉이 김선달,0
2002,모호크족의 북소리,0
2003,태어나기는 했지만,0
2004,러브 호텔,0.00
2005,장한몽,0
2006,kqff 2018 해외단편3: 달콤 쌉싸래한,0
2007,SIFF2018-특별단편 2,0
2008,그날의 기억,9.50
2009,뉴 내셔널갤러리,0.00
2010,제 20회 한국예술종합학교 졸업영화제 섹션4,0
2011,제 20회 한국예술종합학교 졸업영화제 섹션8,0
2012,제 20회 한국예술종합학교 졸업영화제 섹션10,0
2013,제 20회 한국예술종합학교 졸업영화제 섹션12,0
2014,제 20회 한국예술종합학교 졸업영화제 섹션2,0
2015,제 20회 한국예술종합학교 졸업영화제 섹션6,0
2016,제 20회 한국예술종합학교 졸업영화제 섹션14,0
2017,제 20회 한국예술종합학교 졸업영화제 섹션16,0
2018,제 20회 한국예술종합학교 졸업영화제 섹션18,0
2019,제 20회 한국예술종합학교 졸업영화제 섹션20,0
2020,제 20회 한국예술종합학교 졸업영화제 섹션22,0
2021,제 20회 한국예술종합학교 졸업영화제 섹션24,0
2022,나는 고양이로소이다,0.00
2023,퍼스트 스텝,0
2024,밴드 웨건,0
2025,"집에 돌아오면, 언제나 아내가 죽은 척을 하고있다",7.68
2026,이수아,4.89
2027,카페 소사이어티,0
2028,지옥화,0
2029,응징자,0
2030,레비아탄,0
2031,레드 선,0
2032,인비저블 게스트,0
2033,셀마,0
2034,시저와 클레오파트라,0
2035,콜드 마운틴,0
2036,SIDOF2018_해피해피쿠킹타임/끝과 시작/티켓,0
2037,에로틱 부티크,0.00
2038,그레이트 뷰티,0
2039,"잔인한 나의, 홈",0
2040,이유없는 반항,0
2041,11인의 카우보이,0
2042,도쿄 하늘 반갑습니다,0
2043,인디애니페스트 2018 독립보행 3,0
2044,뱀파이어 클린업 디파트먼트,7.23
2045,종이 비행기,7.05
2046,오베라는 남자,0
2047,베이비 제인에게 무슨 일이 생겼나,0
2048,싱글맨,0
2049,시티 오브 조이,0
2050,고기를 원한다면,0
2051,마야 린의 비전,0
2052,황금시대,0
2053,자유부인 '81,0
2054,지옥의 7인,0
2055,엄마친구들 2,6.71
2056,모자(母子)란 기억,0
2057,사랑의 전주곡,0
2058,벨벳 골드마인,0
2059,애정의 조건,0
2060,로빈 훗의 모험,0
2061,"너는, 너라서, 너다",8.42
2062,오늘 밤 사자는 잠든다,0.00
2063,이야기,8.96
2064,인디애니페스트 2018 독립보행 1,0
2065,프랑켄슈타인,8.31
2066,아뉴스 데이,0
2067,본 투 비 블루,0.00
2068,개를 훔치는 완벽한 방법,0
2069,여행,8.72
2070,브라보! 재즈 라이프,0
2071,이지라이더,0
2072,보디히트,0
2073,내 이름은 튜니티,0
2074,더 사운드,0.00
2075,설날,0.00
2076,라스트 워리어,0
2077,트립 투 잉글랜드,0
2078,뷰티 인사이드,0
2079,홀리 걸,0
2080,숀 코네리의 함정,0
2081,코만도,0.00
2082,보스톡VR,0.00
2083,포켓에 가득찬 행복,0
2084,화이널 디씨전,0
2085,프리 윌리,0
2086,호건과 사라,0
2087,서바이벌 게임,0
2088,추방객,0
2089,마이 맨 갓프리,0
2090,사령혼: 죽은 넋,10.00
2091,SIFF2018-특별단편 1,0
2092,레오파드,0
2093,대결,7.20
2094,실비아의 도시에서,0
2095,코끼리와 바나나,6.50
2096,페미니스트의 퀴어한 가족,0.00
2097,경치 좋은 자리,0.00
2098,극장판 파워레인저: 애니멀포스 VS 닌자포스 미래에서 온 메시지,8.65
2099,크로노스,0.00
2100,어둠속의 댄서,0
2101,멤피스 벨,0
2102,라운드 미드나잇,0
2103,[인디포럼2018] 신작전 05 변하는 사랑,0
2104,수학자의 집,10.00
2105,빗속의 방문객,0
2106,한밤의 암살자,0
2107,강정 인터뷰 프로젝트,0
2108,알프스 대탈출,0
2109,깊은밤 깊은 곳에,0
2110,이브의 모든 것,0
2111,오렌지필름 기획전 - do not reply,0
2112,가을의 낙엽,0
2113,머나먼 여정,0
2114,마음의 고향,0
2115,2018 중앙영화제 새벽,0
2116,AISFF 2018 인디스토리 특별전 그룹3,0
2117,제 20회 한국예술종합학교 졸업영화제 섹션1,0
2118,제 20회 한국예술종합학교 졸업영화제 섹션3,0
2119,제 20회 한국예술종합학교 졸업영화제 섹션5,0
2120,제 20회 한국예술종합학교 졸업영화제 섹션7,0
2121,제 20회 한국예술종합학교 졸업영화제 섹션9,0
2122,제 20회 한국예술종합학교 졸업영화제 섹션11,0
2123,제 20회 한국예술종합학교 졸업영화제 섹션13,0
2124,제 20회 한국예술종합학교 졸업영화제 섹션17,0
2125,제 20회 한국예술종합학교 졸업영화제 섹션19,0
2126,제 20회 한국예술종합학교 졸업영화제 섹션21,0
2127,제 20회 한국예술종합학교 졸업영화제 섹션23,0
2128,제 20회 한국예술종합학교 졸업영화제 섹션15,0
2129,레미제라블,0
2130,밤이 오면,0.00
2131,여름 정원,0
2132,굿바이 마이 러브NK: 붉은 청춘,7.00
2133,챔피언,6.30
2134,원라인,0
2135,소셜포비아,0
2136,남의 섹스를 비웃지마,0
2137,갇힌 여인,0
2138,25시의 추적,0
2139,사요나라,0.00
2140,에어,0.00
2141,칠곡 가시나들,9.17
2142,땐뽀걸즈,0
2143,주키퍼스 와이프,8.42
2144,진시황제와 만리장성,0
2145,디렉터스 컷,0.00
2146,판도라,0
2147,방랑기,0
2148,불타는 태양,0
2149,더 플레이스,0.00
2150,오렌지필름 영화제 머리에 얹은 마음,0
2151,1월 단편 상상극장-김초희 단편전,0
2152,그 사람 그 사랑 그 세상,0
2153,귀향,7.72
2154,탱고와 캐쉬,0
2155,오버더톱,0
2156,룸싸롱 맛있는 서비스,4.75
2157,빌라노바 아티가스: 건축사 그리고 빛,0
2158,착한 자매들,5.50
2159,자마,6.76
2160,하이큐!! 승자와 패자,0
2161,작별,0.00
2162,침묵의 숲,0
2163,에비타,0
2164,델타포스2,0
2165,디디 콘트랙터: 흙으로 만든 집,0
2166,안티갱 스쿼드,0
2167,쇼크 웨이브,6.91
2168,이탈리안 레이스,0
2169,시선 사이,0
2170,형,0.00
2171,서부의 사나이,0
2172,헤라클레스,0
2173,타임 패러독스,0
2174,퐁네프의 연인들,0
2175,내 여자친구의 남자친구,0
2176,승리의 탈출,0
2177,흡혈식물 대소동,0
2178,기사도,0
2179,플라스틱 바다,0
2180,글렌 머컷: 장소에 깃든 영혼,9.50
2181,내가 증거다,0.00
2182,맹룡과강,0
2183,비브르 사 비,0
2184,마지막 첫사랑_썸머프라이드시네마,0
2185,청춘: 그 날의 설렘처럼,0
2186,고스트타운의 결투,0
2187,"소년, 소녀를 만나다",0
2188,헤어스프레이,0
2189,석양의 무법자,0
2190,올리브나무사이로,0
2191,국두,0
2192,영험한 애주가의 전설,0
2193,미스터 클라인,0
2194,마라톤맨,0
2195,나폴리: 위험한 유혹,9.80
2196,"나, 너, 그, 그녀",0
2197,극장판 파워레인저: 닌자포스 VS 트레인포스 닌자 인 원더랜드,0
2198,맨발의 백작부인,0
2199,건축의 얼굴을 바꾸다: 5명의 여성 건축사들,0
2200,흑권,0
2201,시실리안,0
2202,여자들,8.74
2203,5시부터 7시까지의 클레오,0
2204,어거스트: 가족의 초상,0
2205,삶과 죽음의 문제,0
2206,브로큰 애로우,0
2207,리지,7.89
2208,흑우: 블랙레인,0
2209,로잔나포에버,0
2210,블랙북,0
2211,황금 눈에 비친 모습,0
2212,투 레이트 블루스,0
2213,매기스 플랜,0
2214,노맨스랜드,7.56
2215,여친 언니,8.54
2216,워 웨곤,0
2217,인목대비,0
2218,산딸기 4,0
2219,나부코,10.00
2220,다정불심,0
2221,마르셀리노,0
2222,젊은 건축가의 슬픔 + 바벨 + 캄보디아를 짓다,0
2223,아틸라,0.00
2224,비우,0
2225,25시,0
2226,AISFF 2018 국제경쟁 그룹7,0
2227,일식,0
2228,타임 투 리브,0.00
2229,내가 사는 세상,7.81
2230,자전거 탄 소년,0
2231,얼굴들,8.50
2232,프렌치 커넥션,0
2233,댄서,0.00
2234,체리 향기,0
2235,엘 불리: 요리는 진행 중,0
2236,스키타이: 불멸의 전사,7.86
2237,델마와 루이스 다시 보기,0.00
2238,노래방 : 화끈한 여자들,10.00
2239,순응자,0
2240,17인의사자들,0
2241,육체의 악마,0
2242,13th 필름다빈 프로젝트 : 김현목 배우전,0
2243,마리오,8.20
2244,개인교수 : 성적 올리기,3.75
2245,노 홈 무비,0
2246,밤과 낮,0.00
2247,단지 세상의 끝,0
2248,터닝메카드W: 블랙미러의 부활,0
2249,귀신과 함께 춤을,7.78
2250,kqff 2018 실험단편: 존재의 인식,0
2251,사관과 신사,0
2252,제12회 대단한 단편영화제 감독 특별전,0
2253,올드보이,9.33
2254,집행자 루스터,0
2255,당신이 떠난 후,0
2256,전선 위의 새: 레너드 코헨,0
2257,빛나는 여자,0
2258,왕자와 무희,0
2259,너의 얼굴,5.00
2260,더티 해리,0
2261,[인디포럼2018] 신작전 11 이상한 나라의 하우스,0
2262,바다로 가자,8.14
2263,장미의 전쟁,0
2264,제네시스: 세상의 소금,0
2265,제3의 사랑,10.00
2266,SuperDesign,0.00
2267,60일의 썸머,7.46
2268,꿈꾸는 열다섯,0
2269,커피와 담배,0
2270,세일즈맨의 전설,4.08
2271,가면속의 아리아,0
2272,실베스타스텔론의 탈옥,0
2273,밀리언 달러 베이비,0
2274,모퉁이 가게,7.00
2275,아메리칸 허슬,0
2276,고려 아리랑: 천산의 디바,0
2277,어떤 여인들,0
2278,넘버원,4.50
2279,착한 엄마 2,6.71
2280,몬스터 헌트2: 요괴사냥단,6.50
2281,엄마친구 5,5.53
2282,범일동 극장 트리오,0.00
2283,더티 화이터,0
2284,마지막 연인,0
2285,제6회 광진인권행동영화제 단편1,0
2286,제6회 광진인권행동영화제 단편2,0
2287,오렌지필름 기획전 - 아마도 계속 될 이야기,0
2288,1900년,0
2289,삼국전쟁: 전쟁의 서막,1.17
2290,무림수사전,0.00
2291,서유기 2017: 손오공 대 요괴 백골정,0
2292,십팔나한,5.60
2293,소림사: 고수의 길,6.00
2294,14의 밤,0
2295,험악한 꿈,0
2296,제12회 대단한 단편영화제 단편 경쟁 섹션 1,0
2297,G20성공기원 영화대축제,0
2298,나이팅게일,5.86
2299,스쿠프!,0
2300,"소년, 소녀 그리고 바다",0
2301,호수의 이방인,0
2302,행성탈출: 최후의 전쟁,4.11
2303,샤오린: 3인의 고수,1.00
2304,소림사: 최후의 대결,0.00
2305,퀵 앤 데드,0
2306,[인디포럼2018] 신작전 09 스스로를 지키는 법,0
2307,파리 1900,0
2308,인도로 가는길,0
2309,콜로니: 인류 최후의 날,0
2310,소림사: 전설의 고수,4.00
2311,트루 라이즈,0
2312,알마이에르가의 광기,0
2313,첩혈쌍웅,0
2314,행복을 찾아서,0.00
2315,카우치인뉴욕,0
2316,K2,0
2317,장미의 이름,6.85
2318,카르멘 존스,0
2319,캘리포니아 돌스,0
2320,그랑블루: 자크 마욜의 삶,0.00
2321,": 1, 2",1.00
2322,FIWOM 2018 아쿠아 마마+라모나+게이머 걸+62일,0
2323,제12회 대단한 단편영화제 단편 경쟁 섹션 3,0
2324,나의 혈육,0
2325,심야의 종소리,0
2326,클라우즈 오브 실스마리아,0
2327,독수리 착륙하다,0
2328,해변의 폴린,0
2329,태양의 눈물,0
2330,삼중 스파이,0
2331,"굿모닝, 나잇",0
2332,그린마일,0
2333,영웅본색 2,0
2334,딥 식스,0
2335,솔저 블루,0
2336,니벨룽겐의 노래,0
2337,"동물, 원",8.73
2338,우리 집,0.00
2339,핀란드의 이방인,0.00
2340,최고수전: 전설의 살인마,0.00
2341,약혼,0.00
2342,메소드,0.00
2343,나의 언덕이 푸르러질 때,0
2344,행복까지 30일,0
2345,아저씨,0.00
2346,종로의 기적,0
2347,사랑의 용기,0
2348,나바론 2,0
2349,[네마프2018] 이토 타카시 대표 중단편,0
2350,kqff 2018 퀴어미드나잇,0
2351,정사 : 자매의 유혹,6.40
2352,길고 긴 여름날,0
2353,아이반호,0
2354,유주얼 서스펙트,0
2355,불같은 약속,0
2356,가을의 전설,0
2357,밤의 열기 속으로,0
2358,여교사 : 제자와의 사랑,0.00
2359,10월 단편 상상극장-제12회 대단한 단편영화제 수상작 모음,0
2360,제12회 대단한 단편영화제 단편 경쟁 섹션 4,0
2361,플라스틱 차이나,0
2362,키드냅,6.58
2363,불온한 당신,0
2364,비비안 마이어를 찾아서,0
2365,끔찍한 진실,0
2366,로닌,0
2367,소비버 탈출,0
2368,밀애 : 아내의 여동생,4.80
2369,[인디포럼2018] 신작전 08 세상의 중심에서 나를 외치다,0
2370,제5회 가톨릭영화제 후원의 밤,0
2371,내 여자친구의 엄마,4.67
2372,AISFF 2018 국제경쟁 그룹5,0
2373,AISFF 2018 숏쇼츠필름페스티벌& 아시아 컬렉션,0
2374,인디애니페스트 2018 독립보행 2,0
2375,파밍 보이즈,0
2376,주말,0.00
2377,내 마음의 고향,0
2378,내일을 위한 길,0
2379,아버지의 이메일,0
2380,스나이퍼,7.00
2381,쓰리아미고,0
2382,존 웨인의 US 마샬,0
2383,"비비안 웨스트우드 : 펑크, 아이콘, 액티비스트",6.67
2384,뷰티풀 뱀파이어,7.08
2385,내 학생의 엄마 3,5.50
2386,[인디포럼2018] 신작전 12 탐구생활: 움직이는 마음,0
2387,제20회 대전독립영화제 본 인 대전,0
2388,음악으로 이루어진 세계,0
2389,AISFF 2018 인디스토리 특별전 그룹2,0
2390,연애센터,0
2391,집에서 온 소식,0
2392,최강전사 미니특공대 : 새로운 악당의 습격,0
2393,좋은 친구들,0
2394,남자가 사랑할 때,0
2395,킬 유어 달링,0
2396,셜리에 관한 모든 것,0
2397,야곱 신부의 편지,0
2398,순정,0.00
2399,대통령의 연인,0
2400,비욘드 랭군,0
2401,바늘구멍,0
2402,간디,0.00
2403,셰넌도어,0
2404,여친엄마 2,5.00
2405,신혼부부의 성생활,7.00
2406,스와핑 : 친구의 아내 2,5.50
2407,정사 : 처제의 사랑,6.00
2408,홈부르크의 왕자,0
2409,연애 : 엄마친구,7.00
2410,엄마의 유혹,5.00
2411,"다카라, 내가 수영을 한 밤",0
2412,오렌지필름 기획전 - 아름다운 것,0
2413,젊은 엄마 친구,5.00
2414,FIWOM 2018 위장 기혼+루나디가스,0
2415,번지점프를 하다,0
2416,콘돌,0
2417,그린 파파야 향기,0
2418,키스 미 데들리,0
2419,퍼미션,6.39
2420,제20회 부산독립영화제 - 경쟁2,0
2421,마음이 외치고 싶어해,7.29
2422,36시간,0
2423,미시시피의 도박사,0
2424,립반윙클의 신부: 스페셜 에디션,0
2425,춘몽,0
2426,텔레마크 요새의 영웅들,0
2427,세상의 모든 아침,0
2428,물속에서 숨 쉬는 법,8.20
2429,십이야,0
2430,엔트랩먼트,0
2431,햄버거 힐,0
2432,엄마는 해결사,0
2433,오렌지필름 기획전 - 어느 것을 고를까요?,0
2434,FIWOM 2018 개막식+밤이 오면,0
2435,시크릿 레터,0
2436,킬러의 보디가드,8.40
2437,이사 소동,0
2438,판도라,0
2439,이미테이션 게임,0
2440,포켓머니,0
2441,태양을 향해 달려라,0
2442,그녀에게,5.50
2443,케빈 로치: 과묵한 건축사,0
2444,왕의 남자,0.00
2445,파도치는 땅,7.50
2446,창세기 2.0,0.00
2447,AISFF 2018 뉴필름메이커 그륩1,0
2448,칠레 전투 제 1부,0
2449,승리,0.00
2450,야경 : 죽음의 택시,3.79
2451,그럼에도 불구하고,0.00
2452,폴리스 스토리,0
2453,라밤바,0
2454,퀴어영화 뷰티풀,7.39
2455,꿈의 제인,0
2456,조 키드,0
2457,미지의 여인에게서 온 편지,0
2458,고든 마타 클락과 그의 친구들,0
2459,작은 여우들,0
2460,키리바시의 방주,0.00
2461,AISFF 2018 국제경쟁 그룹3,0
2462,다가오는 것들,0
2463,공짜 점심 사회,0
2464,인터섹스,0
2465,서부의 여걸 한니,0
2466,어게인스트,0.00
2467,닉크,0
2468,오만과 편견,0
2469,스텔라 댈러스,0
2470,어둠 속에서,0.00
2471,집행자,0
2472,진링의 13소녀,0
2473,윈체스터 73,0
2474,허쉬 허쉬 스윗 샬롯,0
2475,우리의 20세기,0
2476,열대야,8.20
2477,엘리제궁의 요리사,0
2478,살인자 말리나의 4막극,0.00
2479,오렌지필름 3주년,0
2480,넘버 2,0.00
2481,인디애니페스트 2018 아시아로 3,0
2482,마이 리틀 히어로,0
2483,블레이드 2,8.00
2484,운명,4.67
2485,사랑은 이긴다,0
2486,겟어웨이,7.00
2487,13번째 전사,0
2488,토니 에드만,0
2489,지옥의 영웅들,0
2490,미드웨이,0
2491,어느 하녀의 일기,0
2492,지옥까지 10초,0
2493,마왕의 딸 이리샤,6.20
2494,미세스 팡,8.50
2495,kqff 2018 특별전 : 숨겨진공간- 기억하는 우리,0
2496,잉글리쉬 페이션트,0
2497,노예 12년,0
2498,심장에 총알이,0
2499,"패션, 위험한 열정",0
2500,나쁜 여자들,0
2501,언러브드,0
2502,제리 맥과이어,0
2503,대지진,5.27
2504,유키와 니나,0
2505,끝에서 시작되다,0.00
2506,연인들,0.00
2507,SIFF2018-특별단편 3,0
2508,칠레전투 제 2부,0
2509,[네마프2018] 마츠모토 토시오 대표 중단편,0
2510,도둑,0.00
2511,고공침투,0.00
2512,첫키스만 50번째,6.83
2513,웨스턴 테이큰,0
2514,고스트:죽은자들의 초대,8.50
2515,연방 보안관: 제임스 맥코드,0.00
2516,지상최대전투:갈리폴리,0
2517,화끈한 홈서비스 무삭제판,0
2518,리얼라이저,3.00
2519,스크램블,0.00
2520,마이애미 드라이버,4.00
2521,위험한 채팅,0
2522,위자 엑소시즘,0
2523,스크림: 킬링파티,0
2524,아포칼립스 로드,0
2525,세번째 밤,7.00
2526,프란츠,0
2527,팜스윙스 스와핑클럽,3.50
2528,리얼,5.15
2529,최강전사 미니특공대: 영웅의 탄생,0
2530,내 죽음의 이야기,0
2531,뮤즈의 아카데미,0
2532,"밀양, 반가운 손님",0
2533,"자, 이제 댄스타임",0
2534,극장판 천원돌파 그렌라간 : 홍련편,0
2535,극장판 천원돌파 그렌라간 : 나암편,0
2536,줄리 & 줄리아,0
2537,로맨스,8.40
2538,반금련,0
2539,캐논 인버스,0
2540,황야의 무법자,0
2541,니벨룽의 노래 2부: 크림힐트의 복수,0
2542,산호초를 따라서,7.40
2543,파티 올 나잇,0
2544,그녀와 아줌마의 동거,5.60
2545,벌지대전투 지옥의 사수작전,4.70
2546,브레드위너,7.83
2547,죽음을 부르는 밤,3.69
2548,음란한 모델 무삭제판,0
2549,내츄럴,0.00
2550,보름달이 뜨는 밤,0
2551,구름 속의 산책,0
2552,동방불패,0
2553,구스 베이비,8.80
2554,데이라잇,0
2555,천사탈주,0
2556,프랭키와 쟈니,0
2557,귀주 이야기,0
2558,파이어폭스,0
2559,마음은 외로운 사냥꾼,0
2560,진정한 용기,8.67
2561,안나의 랑데부,0
2562,폭풍의 밤,0
2563,kqff 2018 해외단편1: 리틀빅히어로,0
2564,불편한 진실 2,8.90
2565,슈퍼 빼꼼: 스파이 대작전,8.31
2566,사이버 세상에 대한 몽상,0
2567,태양의 서커스 월드 어웨이,0
2568,필사의 도망자,0
2569,라탈랑트,0
2570,개와 고양이,0
2571,붉은 수수밭,0
2572,드레스드 킬,0
2573,로맨싱 스톤,0
2574,라스트 콘서트,0
2575,영광의 길,0
2576,"감각의 시간, 기억의 공간 –인디피크닉2018",0
2577,만국,0
2578,스나이퍼,7.00
2579,동쪽,0
2580,언노운 걸,0
2581,모스크바 엘레지,0
2582,극장판 프리파라 모두 모여라! 프리즘☆투어즈,0
2583,프리즈너스,0.00
2584,마더,7.53
2585,오페라의 유령,0
2586,일망타진,0
2587,석양의 갱들,0
2588,위트니스,7.45
2589,허드슨 호크,0
2590,포레스트 검프,0
2591,팜므 파탈,0
2592,범죄에 대한 수필(아르치발도 드 라 크루즈의 범죄 인생),0
2593,벤자민 버튼의 시간은 거꾸로 간다,0
2594,롤라 몽테스,0
2595,레마겐의 철교,0
2596,결투자들,0
2597,룸,7.97
2598,맥베스,0.00
2599,엠페도클레스의 죽음,0
2600,여행자,0.00
2601,AISFF 2018 국내경쟁 그룹3,0
2602,빅 나이프,0
2603,무지개 너머,0
2604,잔 다르크의 어린 시절,10.00
2605,AISFF 2018 국내경쟁 그룹6,0
2606,"제20회 대전독립영화제 한국독립영화, 현재 진행형 2",0
2607,제19회 대전독립영화제 수상작 초청,0
2608,할다 강,0
2609,그의 연인 프라이데이,0
2610,고독한 질주,0
2611,하이 시에라,0
2612,황야의 스트렌저,0
2613,비행사의 아내,0
2614,사랑의 블랙홀,0
2615,미믹,0
2616,라스트 사무라이,0
2617,새들의 노래,9.40
2618,북극의 제왕,0
2619,빙하를 따라서,0
2620,표적,0
2621,"괜찮아요, 미스터 브래드",8.46
2622,파크,7.24
2623,인디애니페스트 2018 아시아로 1,0
2624,혐오 파괴자,0.00
2625,어멍,8.78
2626,토마토 제국,0.00
2627,비포 더 플러드,0
2628,소녀 독수리 사냥꾼,0
2629,피니안의 무지개,0
2630,칠레전투 제 3부,0
2631,크로커다일 던디,0
2632,세이비어,0
2633,아내여 장미처럼,0.00
2634,피닉스,0.00
2635,산 파블로,0
2636,4인의 프로페셔날,0
2637,완벽한 망상,0
2638,밤의 해변에서 혼자,0
2639,블루라인,0
2640,그녀에대해 알고있는 두 세가지 것들,0
2641,AISFF 2018 국내경쟁 그룹2,0
2642,블러디,9.00
2643,나이트 쉬프트,0.00
2644,네베스타: 유령신부,10.00
2645,저주의 시작,4.45
2646,여동생,8.54
2647,컨트롤 알트 딜리트,0
2648,킬링필드,0.00
2649,클로즈업,0
2650,스윗 앤 로다운,0
2651,카타쿠리가의 행복,0
2652,어댑테이션,0
2653,아내가 결혼했다,3.89
2654,달기,0
2655,페기 구겐하임: 아트 애딕트,0
2656,승풍파랑,6.77
2657,더 딥 스카이,10.00
2658,녹차의 중력,7.75
2659,부에나 비스타 소셜 클럽 2: 아디오스,8.54
2660,SIFF2018-아카이브전 1,0
2661,SIFF2018-깜짝상영,0
2662,산나리,0.00
2663,구르는 돌처럼,7.50
2664,kqff 2018 해외단편2: 트랜스! 미션,0
2665,전함 바이킹,0
2666,호스 위스퍼러,0
2667,A.I.,5.55
2668,쥴 앤 짐,0
2669,"708호, 이등병의 편지",0
2670,비정성시,0
2671,제독의 연인,0
2672,익사에서 구조된 부뒤,0
2673,거울의 여자들,0
2674,미디어로 행동하라 in 김천/성주,0.00
2675,성평등을 연주해줘,0
2676,레이디 맥베스,0
2677,우리에겐 새로움이 필요해!,0
2678,카오산 탱고,0
2679,SIFF2018-통일기획전 7,0
2680,[네마프2018] 마츠모토 토시오 & 이토 타카시 대표 단편,0
2681,존 웨인의 약탈자,0
2682,비숍스 와이프,0
2683,레미제라블,0
2684,타이투스,0
2685,열세살 수아,0
2686,백 개의 못,0
2687,하비의 마지막 로맨스,0
2688,스트롬볼리,0
2689,런치박스,0
2690,델타 보이즈,0
2691,이태원,0.00
2692,아이스크림과빗방울,7.50
2693,백두 번째 구름,5.00
2694,인디애니페스트 2018 아시아로 2,0
2695,제20회 부산독립영화제 - 경쟁4,0
2696,닭은 맨발이다,0
2697,오렌지필름 기획전- 지금 당장! 김나경!,0
2698,쿵푸 크로니클,3.48
2699,베르나데트의 노래,0
2700,폴링 인 러브,0.00
2701,"혜화, 동",0
2702,실락원,0
2703,헝거게임: 판엠의 불꽃,0
2704,카트,0.00
2705,하이큐!! 끝과 시작,0
2706,눈의 노래,0
2707,SPFF 2018 너는 바다+칼랑코에의 꽃,0
2708,스코어: 영화음악의 모든 것,0
2709,프랑코포니아,0
2710,24 프레임,0.00
2711,제12회 대단한 단편영화제 단편 초청 섹션 1,0
2712,Diff 2018 경쟁1,0
2713,미국 이야기,0
2714,서부 전선 이상 없다,8.28
2715,알카트라즈 탈출,0
2716,나의 왼발,0
2717,람보 4 : 라스트 블러드,0
2718,오스트레일리아,0.00
2719,원 데이,10.00
2720,아듀 라미,0
2721,여친남친,0.00
2722,더 그레이,0.00
2723,해피 해피 브레드,0
2724,테이큰 2,0
2725,그림자 열차,0
2726,여자는 여자다,8.74
2727,한여름의 판타지아,0
2728,가자 항해자여,0
2729,양치기들,0
2730,피핑 라이프 - 위 아 더 히어로,0
2731,로스트 인 파리,0
2732,버클리에서,0
2733,무림9대문파-호골매화,4.25
2734,리플레이스,4.00
2735,대불+,9.00
2736,포르투갈해+리스본 재방문,0
2737,[인디포럼2018] 신작전 07 성인이 되는 길,0
2738,보이 프렌드,6.66
2739,남아 있는 시간,0
2740,"그해, 트랜지션",0.00
2741,남쪽,0.00
2742,시간 여행자의 아내,0
2743,하치 이야기,0
2744,내 어머니의 미소,0
2745,캣 벌루,0
2746,옥자,8.46
2747,돈키호테 맨 오브 라만차,0
2748,세기말 하모니,0
2749,존 윅 - 리로드,8.07
2750,탱크 독,0
2751,무녀도,9.01
2752,머리 없는 여인,0
2753,기사에게 경배를,0
2754,Diff 2018 경쟁3,0
2755,나는 비밀을 알고 있다,0
2756,생의 엘레지 - 로스트로포비치와 비쉬넵스카야,0
2757,유랑극단,0
2758,"인디아나 존스 - 마궁의 사원, 저주받은 사원",0
2759,라 당스,0
2760,구두닦이,0
2761,초원은 돌아올 것이다,0
2762,633 폭격대,0
2763,백만불의 인어,0
2764,몬스터 헌트,6.50
2765,FIWOM 2018 폐막식+델마와 루이스 다시 보기,0
2766,5월 단편 상상극장-가족의 모양들,0
2767,호주머니 속의 주먹,0
2768,오늘도 위위,9.26
2769,"불량가족, 행복의 맛",6.83
2770,태양의 왕,0.00
2771,폭풍속으로,0
2772,낮은 목소리 3 : 숨결,0
2773,H 스토리,0
2774,알렉산더,0.00
2775,퍼펙트 커플,0
2776,테트로,0
2777,금발 소녀의 기벽,0
2778,인디애니페스트 2018 트리키 우먼 : 자각과 변화,0
2779,9/11,7.73
2780,더 바디,0.00
2781,인디애니페스트 2018 아시아 파노라마 - 상상 혹은 회상,0
2782,AISFF 2018 국내경쟁 그룹1,0
2783,기프실,0.00
2784,장수하세요,0.00
2785,두려움 없이,0
2786,kqff 2018 해외단편 4: 이룰수 있는 꿈,0
2787,Diff 2018 경쟁4,0
2788,야광,0.00
2789,리오 로보,0
2790,원 웨이 티켓,0
2791,캣 피플,0.00
2792,입맞춤,0
2793,헝거,0.00
2794,탑 햇,0
2795,사라고사의 매뉴스크립트,0
2796,네바다 스미스,0
2797,금의위: 혈지도,0
2798,파란나비효과,6.31
2799,아웃도어 비긴즈,5.13
2800,파워배틀 와치카: 와치가면의 역습,8.61
2801,케렐,0
2802,3월 단편 상상극장-광화문시네마 단편전,0
2803,기억할 만한 지나침,7.44
2804,"힘의 한 세기+영화, 마누엘 드 올리베이라, 그리고 나",0
2805,이제는 퀴어 영화도 해피 엔딩!,7.00
2806,Diff 2018 경쟁8,0
2807,엄마는 왜 아들을 쏘았나,8.00
2808,사하라,0.00
2809,맥켄나의 황금,0
2810,리스본특급,0
2811,로버트 레드포드의 도전,0
2812,백야,0
2813,정복자 펠레,0
2814,리틀 도쿄,0
2815,서신교환 4. 호세 루이스 가린-요나스 메카스,0
2816,호세마리아 신부의 길,0
2817,일요일은 참으세요,0
2818,요리의 여신들,0
2819,기억의 소리,0
2820,인디애니페스트 2018 한국 파노라마 - 괴물 혹은 영웅,0
2821,헝거게임: 캣칭 파이어,0
2822,들국화는 피었는데,0
2823,SIDOF2018_송전탑/765와 용회마을,0
2824,문타이드,0
2825,렛미폴,4.00
2826,터뷸런스,0
2827,5일의 마중,0
2828,바람과 라이온,0
2829,Diff 2018 경쟁9,0
2830,연인처럼 숨을 멈춰,0
2831,뿔을 가진 소년,6.22
2832,앙가제,0.00
2833,포이즌,0.00
2834,김씨표류기,0
2835,아름다운 결혼,0
2836,신의 간섭,0
2837,리프 인 더 다크,0
2838,라스트맨 스탠딩,0
2839,델타포스,0
2840,게스트,0.00
2841,아르고 황금 대탐험,0
2842,일 포스토,0
2843,비밀은 없다,0
2844,60만번의 트라이,0
2845,메이어링에서 사라예보까지,0
2846,걷기 좋은 날,0
2847,비치온더비치,0.00
2848,루돌프와 많이있어,0
2849,줄리에타,0
2850,14인의 여걸,0
2851,제12회 대단한 단편영화제 단편 경쟁 섹션 2,0
2852,인디애니페스트 2018 트리키 우먼 : 은밀한 욕망,0
2853,남한산성,8.10
2854,"당신, 거기 있어줄래요",0
2855,범죄의 여왕,0
2856,스파나잇,0
2857,이별계약,0
2858,잃어버린 전주곡,0
2859,잠자는 미녀,0.00
2860,스코어,7.59
2861,자칼,6.00
2862,그리팅,0
2863,Diff 2018 로컬존,0
2864,닥치고 피아노!,8.47
2865,바비큐 로드,3.50
2866,보모,0
2867,[인디포럼2018] 작심사일,0
2868,중국 여인,0
2869,블라디미르와 로자,0
2870,제20회 부산독립영화제 - 경쟁1,0
2871,당신에게 오늘 밤을,0
2872,마지막 휴가,0
2873,[인디포럼2018] 신작전 01 (그녀들의) 목소리,0
2874,"[인디포럼2018] 포워드 04 영화, 공간 그리고 신체",0
2875,[인디포럼2018] 개막식,0
2876,80년대 갤러리,0
2877,위대한 켓스비,0
2878,클리프 행어,0
2879,칼리토,0
2880,스페셜리스트,0
2881,카지노,5.34
2882,티벳에서의7년,0
2883,아미스타드,0
2884,늪,0
2885,밤비 내리는 목소리,0
2886,어느날 밤에 생긴 일,0
2887,위로공단,0
2888,베이 오브 엔젤,0
2889,볼크햄 힐스 여성 극단,0
2890,제12회 대단한 단편영화제 단편 초청 섹션 2,0
2891,밤빛,8.07
2892,AISFF 2018 시네마 올드 앤 뉴,0
2893,Diff 2018 경쟁6,0
2894,전화의 저편,0
2895,허슬,0.00
2896,파업전야,0
2897,국경저편에서,0
2898,쾌락,0.00
2899,살아남은 이유,4.00
2900,어네스트와 셀레스틴,0
2901,비장의 술수,0
2902,어바웃 레이,0
2903,100억의 식탁,0
2904,스타탄생,0.00
2905,해피 이벤트,0
2906,하늘은 스스로 돕는자를 돕는다,0
2907,FIWOM 2018 피움초이스1,0
2908,프로젝트 메자,4.43
2909,맨 프럼 어스2: 홀로신,5.38
2910,러블리 마드리드,0
2911,비틀스: 에잇 데이즈 어 위크 – 투어링 이어즈,0
2912,최악의 하루,0
2913,프랭크,0.00
2914,천녀유혼,5.00
2915,종착역,0.00
2916,미라클 워커,0
2917,새벽,4.54
2918,kqff 2018 해외단편5: 로스트 인 퀴어네이션,0
2919,"거칠게, 빠르게, 아름답게",0
2920,즐거운 지식,0
2921,태양을 덮다,0
2922,불편한 영화제 + 더글라스 톰킨스: 자연을 남기다,0
2923,몽상가,0
2924,애연,8.22
2925,완다,0.00
2926,샤먼 로드,9.56
2927,"3월 수요단편극장 주목하라, 그녀들을! “전여빈, 박소담, 정유미”",0
2928,게리 쿠퍼의 재회,0
2929,어택,7.00
2930,12명의 성난 사람들,0
2931,"섹스 후, 5일간의 여행",0
2932,다섯개의 무덤,0
2933,러브 어페어,0.00
2934,위니프레드 바그너의 고백 2부,0
2935,완전범죄: 키드냅,0
2936,나 자신이 되기 위한 투쟁,0
2937,아빠는 예쁘다,7.89
2938,패션 전쟁,0
2939,하늘이 이렇게 푸를 리 없다,0
2940,태양을 훔친 사나이,0
2941,아디오스 사바타,0
2942,성혜의 나라,7.27
2943,봄이 지나가고,0
2944,결단의 3:10,0
2945,희망의 나날,0
2946,글로리데이,0
2947,햄의 비밀 + 해피해피쿠킹타임,0
2948,제 17회 미쟝센 단편영화제 수상작 특별전 단편섹션 3,0
2949,매드맥스: 로드 워,0
2950,봉신연의: 영웅의 귀환,0
2951,실버라이닝 플레이북,0
2952,라운더바우트,0
2953,원 나잇 리멤버,0
2954,밀애,4.80
2955,형슬우 감독 특별전(인디스데이),0
2956,하우스 오브 스피리트,0
2957,컬러퍼플,0
2958,김예은 배우 특별전(인디스데이),0
2959,이니스프리,0
2960,SIDOF2018_폐막식:SIDOF2018 수상작,0
2961,희망의 건너편,7.31
2962,제 2회 콕! 애니 콘스탄틴 브론지트 마스터클래스,0
2963,아가페+기적의 피아노,0
2964,위니프레드 바그너의 고백 1부,0
2965,다시 찾은 유토피아,0.00
2966,12월 단편 상상극장-2018 단편 명불허전,0
2967,잘가요 내 사랑,0
2968,콰이어트 히어로즈,0.00
2969,워 랜드,0
2970,더티 해리3-집행자,0
2971,람보,0
2972,언터처블,0
2973,홍등,0
2974,센스 앤 센서빌리티,0
2975,러브 액츄얼리,0
2976,리벤지45,0
2977,백색도시,0
2978,브링 홈: 아버지의 땅,0
2979,백발마녀전: 명월천국,0
2980,공조,0
2981,포스 마쥬어: 화이트 베케이션,0
2982,산하고인,0
2983,신 전래동화,5.44
2984,도망자 2018,0
2985,치하야후루 상편,0
2986,치하야후루 하편,0
2987,AIYOUTH 2018 경쟁 언더24 (3),0
2988,오오극장 개관 3주년 특별전 – 대구독립단편신작,0
2989,고려사람 + 용의 해,0
2990,사일런트 워,0
2991,Media art work screening 3월,0
2992,그들 각자의 거리에서 –인디피크닉2018,0
2993,졸업,8.86
2994,게이봉박두 프로젝트 단편 모음,0
2995,[인디포럼2018] 신작전 02 끝까지 간다,0
2996,당대명포-의문의 주검,5.83
2997,항마전: 황금룡의 부활,6.44
2998,12 하고 24,0.00
2999,모데라토 칸타빌레,0
3000,맨하탄,0.00
3001,좋은 친구들,0
3002,소년은 울지 않는다,0
3003,호텔 르완다,0
3004,커플즈,0
3005,이어도,0
3006,비념,0
3007,러스트 앤 본,0
3008,행복 목욕탕,0
3009,나는 부정한다,0
3010,데스트랩,5.58
3011,러버 포 어 데이,6.00
3012,SIDOF2018_개막식:관찰과 기억/퀴어의 방,0
3013,더 머니,7.97
3014,제한 구역,0
3015,악의 도시,0
3016,AIYOUTH 2018 경쟁 언더19 (3),0
3017,개의 역사,8.60
3018,천사들의 장난,0.00
3019,에드워드,0
3020,미라클 벨리에,0
3021,워킹걸,0
3022,공사 중,0
3023,진주만,0
3024,람보 3,0
3025,빗 속의 연인,0
3026,독수리는 다시난다,0
3027,[인디포럼2018] 신작전 04 몇 개의 나를 세워두고,0
3028,공장에는 아무것도 없다,6.00
3029,건양강호: 운뢰검법의 비밀,7.33
3030,리벨라이,0
3031,SPFF 2018 해외단편 2,0
3032,아마데우스 감독판,0
3033,초능력자 2018 : 염력,0
3034,비포 선셋,0
3035,마이 페어 레이디,0
3036,삼총사 3D,0
3037,밀고자,0
3038,람보 2,0
3039,더티해리 4-써든 임팩트/서든 임팩트,0
3040,청춘의 살인자,0
3041,당신과 함께한 순간들,7.65
3042,하이 맘!,0
3043,잔다르크의 수난,0
3044,혈랑: 붉은전사,5.88
3045,Diff 2018 배우목격담,0
3046,셰이크다운,0
3047,프라이빗 헬 36,0
3048,도묘필기3: 제국의 부활,0
3049,프렌치 커넥션: 마약수사,0
3050,힘의 한 세기+금발 소녀의 기벽,0
3051,제인 에어,0
3052,은밀한 유혹,0.00
3053,7호실,6.55
3054,깊은 관계,0
3055,심플 라이프,0.00
3056,기억의 전쟁,7.48
3057,AIYOUTH 2018 경쟁 언더19 (2),0
3058,치에리와 체리,0
3059,블러드 골드,5.40
3060,AISFF 2018 폐막작,0
3061,고양이 영화제 2018 묘아+파리의 도둑고양이,0
3062,굿 샘,0
3063,제20회 부산독립영화제 - 20주년 특별전 3,0
3064,즐거운 상속자들,0
3065,탈주,0.00
3066,강,0.00
3067,[인디포럼2018] 신작전 06 사라지지 않을 이유,0
3068,도묘필기: 제국의 서막,0
3069,우드 쇼크,4.86
3070,홍콩 마스터 어벤져,0.00
3071,Diff 2018 경쟁7,0
3072,다이얼 M을 돌려라,0
3073,그린 베레,0
3074,돌로레스 클레이븐,0
3075,미스테리어스 스킨,0
3076,전우여 다시한번,0
3077,에브리바디 원츠 썸!!,0
3078,나도 때론 포르노그라피의 주인공이고 싶다 : 감독판,0
3079,더 월,0.00
3080,하우스 오브 데스,0
3081,더 하우스: 악령의 집,0
3082,제 17회 미쟝센 단편영화제 수상작 특별전 단편섹션 1,0
3083,리틀보이 12725,0.00
3084,슬레이브워,0
3085,제 17회 미쟝센 단편영화제 수상작 특별전 단편섹션 2,0
3086,홀리 에어,8.22
3087,"팀탈러, 웃음을 팔아버린 소년",0.00
3088,오렌지필름 기획전 - 주인공을 따라가줘!,0
3089,오렌지필름 기획전-그게 아닌데,0
3090,섹션 1 가족의 아시아,0
3091,유토피아,0.00
3092,무곡,7.26
3093,제20회 부산독립영화제 - 경쟁3,0
3094,내일은 없다,0
3095,"6월 수요단편극장 레인보우, 일곱 빛깔의 사랑-퀴어 단편전",0
3096,고양이 닌자,0.00
3097,디어헌터,6.14
3098,죽어야 사는 여자,0
3099,훌라걸스,0
3100,타인의 삶,0
3101,쥬라기 월드,8.01
3102,아델 H 이야기,0
3103,싼타 빅토리아의 비밀,0
3104,밤길,0
3105,마르케타 라자로바,0
3106,비포 미드나잇,0
3107,오마르,0
3108,녹화중이야,0
3109,천사의 시간,5.36
3110,도시괴담,0.00
3111,흑마술사,0
3112,엄마의 레시피,9.12
3113,룸 이스케이프,3.70
3114,킬러의 보이프렌드,6.66
3115,FIWOM 2018 피움초이스3,0
3116,스페셜 포스 : 화이트 마운틴,0
3117,망각의 시,10.00
3118,노래방 : 화끈한 여자들 무삭제,0
3119,황제의 검신,5.50
3120,에이프릴의 딸,6.66
3121,애니멀,6.40
3122,대부업자: 소울 앤 캐시,0
3123,무간지옥,0
3124,욕망의 상속자,0
3125,내 사랑 왕가흔,0
3126,여자의 일생,0
3127,"노, 플라멩코 이야기",0
3128,향항의 밤,0
3129,꺼져버려 종양군,0
3130,7인의 무뢰한,0
3131,헝거게임: 모킹제이,0
3132,그레이트 왈도 페퍼,0
3133,수상한 그녀,0
3134,잉투기,0
3135,사탄은 잠들지 않는다,0
3136,제20회 부산독립영화제 - 20주년 특별전 1,0
3137,호텔 타지마할,5.78
3138,도그 파운드,0
3139,그루지: 죽은 자의 저주,0
3140,흑과 백,0.00
3141,이어 오브 드래곤,0
3142,태양의 제국,0
3143,전쟁의 사상자들,4.73
3144,폭풍의 질주,0
3145,벅시,0
3146,우리 학교,0
3147,"울지마, 톤즈",0
3148,더 울프 오브 월스트리트,0
3149,레츠 고 네이티브,0
3150,세븐 데이스 인 메이,0
3151,촉산 복마전,4.38
3152,트루맛쇼,0
3153,앙리 랑글루아의 유령,0
3154,듀오,0.00
3155,8월의 크리스마스(일본판),0
3156,로드 하우스,0
3157,미사는 끝났다,0
3158,스페셜 스쿼드,5.50
3159,모든 이의 여인,0
3160,인게이지먼트,0
3161,어쌔신네이션,0
3162,AISFF 2018 인디스토리 특별전 그룹1,0
3163,[인디포럼 월례비행 4월 : 박홍렬 촬영감독 단편선],0
3164,철마류 2018,0.00
3165,은밀한 유혹: 내가 잠든 동안에,0
3166,당대명포-무림고수 대결전,5.00
3167,당대명포-고수의 부활,9.00
3168,시민K,9.43
3169,야성의 엘자,0
3170,신부의 아버지,0
3171,크라잉 게임,0
3172,율리시즈의 시선,0
3173,메종 드 히미코,0
3174,거류,0
3175,포획,0
3176,식은 죽 먹기,0
3177,로마 위드 러브,0
3178,헝거게임: 더 파이널,0
3179,더 테이블,0
3180,숨바꼭질: 겟 아웃,0
3181,라스트 미션,8.84
3182,슈퍼히어로 스팍스,0
3183,무법자,2.29
3184,크리스 크로스,0
3185,네가 곁에 있어도 나는 네가 그립다,0.00
3186,블로키 + 사라진 로빈후드,0
3187,만타 레이,0.00
3188,AISFF 2018 국제경쟁 그룹2,0
3189,신들의 제국,10.00
3190,스텝 업: 비트 더 월드,0
3191,말썽 많은 돈,0
3192,다이아몬드 아일랜드,0
3193,멈춰 선 시간,0
3194,좋아하지도 않으면서,0
3195,한해인 배우전,0
3196,독수리 요새,0
3197,미드나잇 카우보이,0
3198,영원한 제국,0
3199,쇼생크 탈출,0
3200,낮은 목소리 2,0
3201,건크레이지,0
3202,치코와 리타,0
3203,카페 6,0
3204,플레이온,0.00
3205,뮤지컬 쉬 러브즈 미,0
3206,완벽한 섹스의 발견,0
3207,안나와의 나흘밤,0
3208,글래디에이터: 바이킹과의 전쟁,0
3209,심장소리,5.60
3210,영하의 바람,8.39
3211,제로 아워 킬러,0
3212,아프칸 솔져스,0
3213,12월 수요단편극장-로맨스를 원해?!,0
3214,오쉬르,0
3215,[인디포럼2018] 포워드 01 사운드 퍼포먼스,0
3216,Diff 2018 경쟁5,0
3217,인생의 황혼,9.00
3218,당산대형,0
3219,학의 멈춰진 발걸음,0
3220,영웅,5.52
3221,실종의연대기,0
3222,마스터 앤드 커맨더: 위대한 정복자,0
3223,게이샤의 추억,0
3224,더블 맨,0
3225,완벽한 거짓말,0
3226,성실한 나라의 앨리스,0
3227,도슨 시티: 얼어붙은 시간,0
3228,빨간 벽돌,0.00
3229,알파고,8.96
3230,장편을 준비하는 이유있는 단편 (인디스데이),0
3231,FIWOM 2018 피움초이스5,0
3232,식스 오브 어 카인드,0
3233,뉴커런츠 신예 감독전(인디스데이),0
3234,나의 아들 존,0
3235,용의자: 폭탄 테러를 막아라,0
3236,빛이 우리를 보고 있다,0.00
3237,우리 어머니,0.00
3238,달콤한 꿈,0
3239,[작은영화영화제]인디다큐페스티발 초대전,0
3240,비앙카,0.00
3241,무서운 부모들,0
3242,내일을 향해 쏴라,0
3243,페이퍼 문,0
3244,로빈과 마리안,0
3245,하노버스트리트,0
3246,스카페이스,4.78
3247,트윈스,0.00
3248,1492 콜럼버스,0
3249,트로이,2.79
3250,산불,0
3251,겁쟁이 페달: 리라이드,0
3252,겁쟁이 페달: 리로드,0
3253,겁쟁이 페달: 더 무비,0
3254,겁쟁이 페달: 스페어 바이크,0
3255,실크 스타킹,0
3256,사쿠라다 리셋 –전편-,6.45
3257,사쿠라다 리셋 –후편-,7.17
3258,부라더 2018,0
3259,[작은영화영화제]KAFA 초대전,0
3260,신사협정,0
3261,킹덤 오브 헤븐,0
3262,섹션 3 정체성의 아시아,0
3263,흐르는 강물처럼,0
3264,사방지,0
3265,여기 그리고 다른 곳,0
3266,코러스,0.00
3267,[작은영화영화제]인디포럼 초대전,0
3268,러브 어페어,0.00
3269,[네마프2018] 네덜란드 미디어아트 특별전,0
3270,가스등,5.50
3271,빽 투 더 퓨쳐,0
3272,박선주 감독전,0
3273,하얀궁전,0
3274,나는 전쟁 신부,0
3275,비행,7.33
3276,제3의 사나이,0
3277,제20회 부산독립영화제 - 20주년 특별전 4,0
3278,대탈주,0.00
3279,언제나 마음은 태양,0
3280,사느냐 죽느냐,0
3281,트윅스트,0
3282,두 번째 겨울,0
3283,파워배틀 와치카 미니카 배틀리그: 불꽃의 질주,0
3284,홀랜드 오퍼스,0
3285,[작은영화영화제]인디애니페스트 2018 초대전,0
3286,SIDOF2018_안녕하십니까 대통령입니다/주민등록증을 찢어라,0
3287,도돌이 언덕에 난기류,0.00
3288,더 헌트,0.00
3289,누구의 딸도 아닌 해원,0
3290,프로페셔날,0
3291,주홍글씨,7.00
3292,디 아더스,0.00
3293,하늘과 땅,0.00
3294,로스트 코맨드,0
3295,팔레스타의 영웅,0
3296,Diff 2018 경쟁2,0
3297,바쟁,0.00
3298,보이는 것과 보이지 않는 것,0.00
3299,AISFF 2018 국제경쟁 그룹8,0
3300,섹션 2 관계의 아시아,0
3301,바이킹 데스티니,7.75
3302,AIYOUTH 2018 경쟁 언더24 (2),0
3303,낯선 자들의 땅,0.00
3304,룸싸롱 맛있는 서비스 무삭제,0
3305,파르비크,0
3306,더 트리,6.67
3307,6월 단편 상상극장-TEAM OMOK,0
3308,7년간의 불운,0
3309,플레이 더티,0
3310,Diff 2018 미드나잇 시네마,0
3311,[네마프2018]한국 단편 4 - 장르의 가능성 I,0
3312,최후의 총잡이,0
3313,베드포드 사건,0
3314,세남자와 아기바구니,0
3315,완전한 세상,0
3316,웨딩 디렉터,0
3317,키사라기 미키짱,0
3318,하나가 되는 것은 더욱 커지는 일이다,0
3319,보스턴 교살자,0
3320,제로 다크 서티,0
3321,레드 갭의 러글스,0
3322,경성학교: 사라진 소녀들,0
3323,몽 루아,0
3324,청춘연애,0
3325,콘크리트 시네마 + 사라진 인물들과 사라지지 않은 세계 혹은 그 반대,0
3326,제12회 대단한 단편영화제 개막식,0
3327,필동,8.47
3328,밀애 : 착한 형수,5.50
3329,가브리엘과 산,0.00
3330,이탈리아 투쟁,0
3331,영화를 보다가 생각한 것들,0
3332,가끔 구름,0.00
3333,포 페더스,0
3334,타잔-크리스포터 램버트/그레이스 토크,0
3335,패트리어트-늪속의 여우,0
3336,무모한 순간,0
3337,맥코리아,0
3338,러덜리스,0
3339,태평륜,5.50
3340,경계인들,0
3341,김숙현 감독전,0
3342,인디애니페스트 2018 릴레이작가 초청전,0
3343,그 후,5.87
3344,마담 X,0
3345,크레이지 인 러브,4.75
3346,새디스트,6.75
3347,씨네필,0.00
3348,roooom,6.83
3349,작디작은 하나의 물체,0.00
3350,라스트 맨: 지구를 마지막으로 본 남자,5.06
3351,동굴 속으로 + 마일 포 마일,0
3352,영화로운 세계(인디스데이),0
3353,인디포럼 월례비행 12월 단편선 : 연약한 마음의 힘,0
3354,스트롱거 댄 블렛,8.00
3355,블러드 골드: 트레저 헌터,5.40
3356,샤키 머신,0
3357,쇼걸,0
3358,글리머 맨,0
3359,네고시에이터,0
3360,에너미 오브 스테이트,0
3361,송환,0
3362,박치기!,0
3363,핑퐁,0.00
3364,허니와 클로버,0
3365,소유와 무소유,0
3366,베를린,9.60
3367,셔틀콕,0
3368,침묵의 시선,0
3369,위켄즈,0.00
3370,풍운의 젠다성,0
3371,오오극장 개관 3주년 특별전 – 문혜인 배우전,0
3372,FIWOM 2018 피움초이스2,0
3373,월하,4.06
3374,로시오와 알다나,0.00
3375,대구단편 1,0
3376,알 카포네 스카페이스의 전설,4.78
3377,이브닝 섀도우,0.00
3378,경솔,0
3379,정육점 견습생,0
3380,비 마이 와이프,0
3381,마지 도리스,6.50
3382,수도원 아이들,6.00
3383,사망유희,0
3384,슬리버,0
3385,내 머리 속의 지우개,0
3386,무산일기,0
3387,숙명의 일탄,0
3388,심야식당,0
3389,몽키킹2: 서유기 여정의 시작,0
3390,부서진 기억들,0
3391,파리 시청 앞에서의 키스: 로베르 두아노,0
3392,자하의 약속,0.00
3393,"나의 이름, 마티유",0.00
3394,4월 수요단편극장 한국영화아카데미(KAFA) 특별전,0
3395,환토: 상상의 땅,5.00
3396,김시은 배우 특별전(인디스데이),0
3397,Diff 2018 특별섹션2,0
3398,인간의 굴레,0
3399,욕망이라는 이름의 전차,0
3400,여왕벌,0
3401,라스트 부르맨,0
3402,추상,0
3403,파비안느,0
3404,코난-바바리안,0
3405,폭주기관차,0
3406,특전대네이비 씰,0
3407,황색리본,0
3408,경주,0.00
3409,벼꽃,10.00
3410,히치하이크,8.05
3411,그림자 먹는 개,0
3412,애국청년 변희재,6.18
3413,오렌지필름 영화제 우리에겐 새로움이 필요해!,0
3414,친절한 적,0
3415,필리스 램버트 A to Z,0
3416,2017 동명이인 프로젝트,8.56
3417,[인디포럼2018] 폐막식,0
3418,더 크리미널 마인드 : 공공의 적,7.47
3419,챔프,0
3420,리버 와일드,0
3421,카페 느와르,0
3422,푸지에,0
3423,화차,0
3424,새출발,0
3425,예감은 틀리지 않는다,7.52
3426,패왕화 스페셜 포스,0
3427,Media art work screening 9월,0
3428,新 가족시네마(인디스데이),0
3429,SPFF 2018 해외단편 1,0
3430,"작년 겨울, 너와 이별",8.60
3431,마운틴,0.00
3432,제주노트,0.00
3433,밀키 웨이,0.00
3434,이태경 배우 특별전,0
3435,대구독립영화 연말정산 2018_신작전,0
3436,업사이드 다운,0.00
3437,우리는 그토록 사랑했네,0
3438,트론,0
3439,페일 라이더,0
3440,러브 인 클라우즈,0
3441,북촌방향,0
3442,"1999, 면회",0
3443,박강아름의 가장무도회,0
3444,비트레이얼,0.00
3445,테일 오브 테일즈,0
3446,자백,0
3447,이 세상의 한구석에,0
3448,붉은 대기,0
3449,어떤 하루,7.36
3450,뉴욕 갱스터,0
3451,타임 러쉬,0
3452,CADFF 2018 한국중단편영화,0
3453,사라와 하메드,0.00
3454,제12회 대단한 단편영화제 폐막식,0
3455,섹알마문 감독전,0
3456,할 수 있는 자가 구하라,0
3457,"안녕, 미누",9.51
3458,어떤 개인 날,0
3459,안경,0.00
3460,7월 수요단편극장 그녀와 극장에서: 이태경 배우 특별전,0
3461,아이거 빙벽,0
3462,라스트 솔져스: 최후의 결전,7.56
3463,"어디에도, 당신의 자리(인디스데이)",0
3464,명탐정 필립,0
3465,신이 보낸 사람,0
3466,테네레차_홀딩 핸즈,0.00
3467,고독한 영혼,0
3468,백 프롬 더 비트,0.00
3469,해피뻐스데이,0
3470,갈릴레오의 온도계,0.00
3471,볼리 바나,0.00
3472,데싸우 댄서스,0
3473,제인,0.00
3474,유지영 감독 단편전,0
3475,영 솔리튜드,7.00
3476,공유하는 사랑,0
3477,크로커다일 던디2,0
3478,이것이 법이다,0
3479,워터루,0
3480,[네마프2018] 대항기억과 몸짓의 재구성 단편,0
3481,모리야마 씨,7.00
3482,단편섹션 1(박종환 배우전),0
3483,단편섹션 2(박종환 배우전),0
3484,삼총사,0.00
3485,아마상,0
3486,휴매니티 뷰로우: 인류관리국,5.05
3487,제20회 부산독립영화제 - 20주년 특별전 2,0
3488,앵커,8.89
3489,포세이돈 어드벤쳐 2,0
3490,오렌지필름 3주년 MIXTAPE B,0
3491,김인선 감독 특별전(인디스데이),0
3492,"1월 수요단편극장 “2017년을 빛낸 단편영화 셋: 수상작, 이유는 있다”",0
3493,타임트랩 워,0
3494,방콕 크리미널,0
3495,카이: 거울 호수의 전설,0
3496,변호인,9.00
3497,설국열차,0
3498,소통과 거짓말,0
3499,부산행,0
3500,청춘은 밤이 없다,0
3501,프라우다,0
3502,SICAF2018 경쟁: 단편2,0
3503,어 굿 맨,0
3504,도가니,0
3505,[네마프2018] 한국 단편 3 - 대안적 네러티브 II,0
3506,밀드레드 피어스,0
3507,번!,9.31
3508,위험한 곳으로 더 가까이,0
3509,달콤한 잠,0
3510,인디포럼 월례비행 10월 : 송주원 단편선,0
3511,자유의 언덕,0
3512,8월 단편 상상극장-장르: 힙합,0
3513,SICAF2018 경쟁: 단편1,0
3514,지뢰제거반,0.00
3515,올모스트 데어,0
3516,[네마프2018] 글로컬 단편 2 - 장르의 가능성 II,0
3517,화니 걸,0
3518,라이언 일병 구하기,0
3519,통행증,8.22
3520,끝나지 않은 세월,0
3521,파산의 기술,0
3522,미쓰 홍당무,0
3523,호수길,0
3524,광인,9.18
3525,채비,8.73
3526,해변의 캐리어,0.00
3527,"9월 수요단편극장 - 특별한 조합, 특별한 케미 : 그 가족의 사정",0
3528,산의 톰씨,0
3529,섹션 4 청년의 아시아,0
3530,[인디포럼2018] 포워드 03 김숙현의 실험과 현재,0
3531,철인들,0
3532,306 할리우드,8.00
3533,SICAF2018 경쟁: 단편3,0
3534,SICAF2018 단편: 일본 미디어 아트 페스티벌 수상작,0
3535,아버지와 아들,0.00
3536,[네마프2018] 글로컬 단편 1 - 장르의 가능성 I,0
3537,두처제2-무삭제,0
3538,음란한 처제,9.00
3539,엄마의 일탈 - 아들의 친구를 사랑하다,0.00
3540,장모의 유혹 - 아내가 집에 없던 날,0.00
3541,[네마프2018] 한국 단편 5- 장르의 가능성 II,0
3542,오오극장 관객프로그래머 초이스! - 최진영 감독 단편전,0
3543,쉘 위 댄스,0
3544,축제일,0
3545,오싹한 연애,0
3546,겨울의 빛,0
3547,파리오페라발레 갈라쇼,0
3548,드롭박스,0
3549,레드헌트,0
3550,나는 아들을 사랑하지 않는다,0
3551,무림축구,3.71
3552,AIYOUTH 2018 경쟁 언더24 (1),0
3553,리아나,0.00
3554,2월 수요단편극장- 김태용 감독 특별전,0
3555,비밀애,0.00
3556,SIDOF 발견과 주목-도시 (재)개발의 기억들,0
3557,초현실,0.00
3558,메이트,7.97
3559,스페인에서 온 아이,0
3560,대구독립영화 연말정산 2018_시작한 자가 구하라,0
3561,뮤턴트 워,3.42
3562,더 프린세스 : 도둑맞은 공주,7.84
3563,아말,0.00
3564,"11월 수요단편극장-어느 가을, 방황의 끝에서",0
3565,11월 단편 상상극장-아파트에서 생긴 일,0
3566,외부 세계가 변해서…,0.00
3567,SPFF 2018 해외단편 3,0
3568,"9월 SIDOF 발견과 주목 [청년, 서울 탈출을 꿈꾸다]",0
3569,라스트 로빈후드,5.90
3570,섹스의 목적 - 감독판,4.78
3571,천사는 바이러스,8.79
3572,피플 파워 폭탄선언: 베트남 장미의 일기,0
3573,레전드,4.73
3574,그림자들의 섬,9.15
3575,그라운드의 이방인,0
3576,철도원,0
3577,미션 투 마스,0
3578,이브들의 발칙한 수다,6.67
3579,Media art work screening 6월,0
3580,자하 하디드를 추모하며,0
3581,[네마프2018] 뉴미디어대안영화 단편,0
3582,[네마프2018] 한국 단편 2 - 대안적 네러티브 I,0
3583,야생 갈대,0
3584,SIDOF 발견과 주목 - 일상 속의 성정치학,0
3585,폭력의 씨앗,6.13
3586,롤러코스터,0.00
3587,사랑해! 진영아,0
3588,"바다 쪽으로, 한 뼘 더",0
3589,내 심장이 건너 뛴 박동,0
3590,대구독립영화 연말정산 2018_애플시네마,0
3591,아들에게 가는 길,0
3592,[네마프2018] 한국 단편 7- 인권과 네러티브,0
3593,프레스,8.33
3594,랑글루아 박물관 산책,0
3595,섹션 5 폭력의 아시아,0
3596,헤비메탈 정치인,8.00
3597,방문,4.99
3598,왕자가 된 소녀들,0
3599,비틀즈: 하드 데이즈 나이트,0
3600,영웅본색 3,0
3601,돈오,0
3602,낮술,0
3603,경계도시 2,0
3604,두만강,0
3605,품행제로,0
3606,늑대소년,0
3607,파닥파닥,0
3608,전설의 여공,0
3609,풍경,0.00
3610,필름시대사랑,0
3611,티 타임,8.07
3612,눈길,0
3613,려행,0
3614,밤섬해적단 서울불바다,7.46
3615,알리푸,0.00
3616,"오, 사랑",8.00
3617,2018년 서울국제사랑영화제 SIAFF 단편선,0
3618,그 새끼를 죽였어야 했는데 시즌1,0
3619,제20회 부산독립영화제 - 딥포커스 1,0
3620,오오극장 관객프로그래머 초이스! - 김수영 감독 단편전,0
3621,전쟁전야,8.00
3622,오 나의 블리스,6.00
3623,시바티에서의 마지막 나날들,7.00
3624,[네마프2018] 한국 단편 6 - 젠더와 네러티브,0
3625,어폴로지,0
3626,파리는 우리의 것,0
3627,애정만세,0
3628,카산드라 크로스,0
3629,SICAF2018 특별경쟁:시카프 초이스,0
3630,SICAF2018 경쟁: 파일럿&온라인&커미션드,0
3631,구름 위의 학교,0.00
3632,하하하,0
3633,엘리스의 50가지 그림자,9.50
3634,이란희 단편선_I 독립영화여성감독전,0
3635,개체,0.00
3636,내장 토끼,0.00
3637,AIYOUTH 2018 경쟁 언더19 (1),0
3638,고갈,0
3639,황태자 디벅,7.00
3640,방문자,0.00
3641,내 어머니의 편지,7.00
3642,왈라의 선택,7.00
3643,윈드 리버,0
3644,내일의 안녕,0
3645,프로젝트 패기,0
3646,소꿉놀이,0
3647,노후 대책 없다,0
3648,"귀향, 끝나지 않은 이야기",7.72
3649,킬 유어 프렌즈,0
3650,어플릭션,0
3651,침입자,7.10
3652,AIYouth 2018 전년도 수상작,0
3653,10월 수요단편극장 “아주 고약한 교실”,0
3654,제20회 부산독립영화제 - 지역독립영화초청,0
3655,[인디포럼2018] 포워드 02 박병래의 놀이와 기억,0
3656,도묘필기2: 잃어버린 제국,0
3657,포르투나,0.00
3658,신밧드. 일곱 폭풍의 해적,0.00
3659,타임스케이프,0.00
3660,맛있는 녀석들,5.25
3661,화장실콩쿨,0
3662,마타하리,0
3663,리바이어던,0
3664,"나의 아들, 나의 어머니",0
3665,산다,0.00
3666,"힘내세요, 병헌씨",0
3667,세 발 까마귀,0
3668,소중한 날의 꿈,0
3669,보라,0.00
3670,열녀문,0
3671,아폴로 13,0
3672,[네마프2018] 한국 단편 1- 몸짓 영화,0
3673,정사2: 친구 새엄마-무삭제판,0
3674,EIDF 2018 키즈 단편 : 실크로드의 아이들,0
3675,항구의 여인,7.00
3676,단지의 마지막 주민들,7.00
3677,한계상황,7.00
3678,타지마할 호텔로의 귀환,7.00
3679,SICAF2018 시카프의 시선: 아랍 애니메이션 특별전,0
3680,SICAF2018 경쟁:키즈1,0
3681,"파리오페라 발레의 별, 아녜스",0
3682,SICAF2018 경쟁:학생2,0
3683,멀리 개 짖는 소리가 들리고,7.50
3684,그날 밤,0.00
3685,완벽한 섹스의 맛-감독판,3.00
3686,용감한 자에게 안식은 없다,0
3687,엄마에게,0.00
3688,요시노 이발관,0
3689,줄탁동시,0
3690,"잘 지내니, 루돌프?",0
3691,명령불복종 교사,0
3692,히치콕 트뤼포,0
3693,영원한 휴가,0
3694,황제,7.35
3695,수춘도 2: 수라전장,8.00
3696,어쩌다 암살클럽,7.77
3697,특수부대 전랑2,0
3698,심장박동 조작극,7.71
3699,FIWOM 2018 피움초이스4,0
3700,브린튼 구하기,0.00
3701,제20회 부산독립영화제 - 딥포커스 4,0
3702,사막 순찰대와 페르시안 표범,0
3703,Media art work screening 12월,0
3704,더 리프트,0
3705,SICAF2018 경쟁:학생1,0
3706,리틀 히어로,0
3707,킬러의 보디가드 무삭제 특별판,8.69
3708,백년의 노래,0.00
3709,솔져,7.50
3710,즐라탄 이브라히모비치의 비밀,0
3711,미지의 땅,0
3712,나를 잊지 말아요,0.00
3713,정사 : 바람난 유부녀들 무삭제판,0
3714,헤리티지 오브 러브,0
3715,엄마의 유혹 무삭제,0
3716,제20회 부산독립영화제 - 딥포커스 2,0
3717,김지현 단편선_I 독립영화여성감독전,0
3718,걸스 스텝,0
3719,행복의 알리바이: 사진,0
3720,작은 집,0
3721,큐티 허니: 티어스,0
3722,동백꽃,7.50
3723,눈부신 하루,0
3724,괴물,9.41
3725,이리,0
3726,완득이,0
3727,잠 못 드는 밤,0
3728,시작은 키스!,0
3729,러시안 소설,0
3730,위크엔드 인 파리,0
3731,1944,0.00
3732,너는 착한 아이,0
3733,"컴, 투게더",8.14
3734,저스티스 리그,7.68
3735,갱 브라더스: 마지막 대결,7.20
3736,로스트 솔라스,0
3737,비아르케 잉엘스의 위대한 도전,7.00
3738,엄마 친구들과의 정사,4.00
3739,트립 투 하코네,0
3740,모든 것의 이면,7.00
3741,라구 라이의 사진 인생,7.00
3742,연변 아가씨의 맛섹사 - 감독판,0
3743,8월 수요단편극장 우주를 동경하는 열여덟반 - 아무도 날 알아주지 않았기에,0
3744,옆집누나들-무삭제,0
3745,아메리칸 사이코 2018,2.85
3746,컨저링 하우스,4.67
3747,거유 새댁의 불륜,0.00
3748,프레데터 2018,0
3749,파라노말 2018,0
3750,윈터스 워: 스노우 퀸,0
3751,리:본,0.00
3752,로보트캅: 기계들의 반란,0
3753,어머니의 보랏빛 손수건,0
3754,어린장모,5.67
3755,"12월 SIDOF 발견과 주목 [광장의 촛불, 그 후]",0
3756,미스틱 게임,0
3757,그녀의 정사,5.33
3758,언더 워터 샤크,0
3759,동생의착한아내,6.00
3760,강한 칼: 도도견혈,0
3761,메가 샤크 어택,5.33
3762,지오 쓰나미,6.50
3763,전설의 고향,0
3764,AIYOUTH 2018 경쟁 언더24 (4),0
3765,탭: 더 라스트 쇼,0.00
3766,CADFF 2018 단편경쟁본선작 1,0
3767,트윈 픽스,0
3768,22일간의 고백,0
3769,킹콩,0
3770,애국자 게임,0
3771,리튼,0.00
3772,중경,0.00
3773,집으로 가는 기차,0
3774,피로,0
3775,그리고 싶은 것,0
3776,두 번의 결혼식과 한 번의 장례식,0
3777,쿵푸팬더3,0
3778,약장수,0
3779,무한대를 본 남자,0
3780,캡틴 판타스틱,0
3781,레이디버그,9.39
3782,스위밍 위드 맨,8.00
3783,내남자의 모든것,0
3784,산부인과 남자의사,0.00
3785,조교받는 신입 여직원,0
3786,아내의 하반신 - 가죽소파,0
3787,다루기 쉬운 육덕 장모,0.00
3788,야한 짓하는 세 명의 단지처,0.00
3789,불륜에 바쁜 내 육체,0
3790,치정-모르는 건 남편뿐,0
3791,미인 아내의 절대복종,0
3792,거유 관능소설작가,0
3793,다다미방의 유부녀,0
3794,결혼 상담사가 맘에 들어,0.00
3795,두 명의 유부녀와 육덕폭발,0.00
3796,유혹당한 요가교실,0.00
3797,스트라이크 원,0
3798,실전 에로틱 작업기술,0.00
3799,입원환자 부인의 유혹,0.00
3800,육체의 뒷거래,0.00
3801,몰카! 배달온 여자들,0.00
3802,청순 요물 유부녀,0.00
3803,당신이 너무 만족스러워,0.00
3804,츠바사의 알몸 연극,0.00
3805,광대 케인,3.40
3806,악몽의 미드나잇,1.00
3807,옆집 유부녀의 맛,0.00
3808,미션 이스탄불3: 더 리벤지,0
3809,야한 짓 : 무삭제판,0
3810,그녀의 색맛: 무삭제판,0
3811,젊은 형수님: 내 여자가 되던 날 -무삭제판,0
3812,너무 밝히는 사촌누나들,0.00
3813,내 친구의 엄마들,4.67
3814,친구 엄마들의 맛,5.00
3815,착한 장모 (무삭제),0
3816,히어로 오브 워,0
3817,이스케이프 파이터,7.80
3818,착한 형수 : 내 여자가 되던 날 무삭제,0
3819,착한 형수 : 내 여자가 되던 날,0.00
3820,스와핑 : 친구부부의 쾌락 2,0.00
3821,스와핑 : 친구부부의 쾌락 2 무삭제,0
3822,내 안의 너,7.00
3823,아내들의 속사정,0.00
3824,마지막 벌목꾼,0
3825,14개의 사과,7.00
3826,발칙한 동거 무삭제,0
3827,EIDF 2018 단편 다큐,0
3828,비밀정사 : 작은엄마,1.00
3829,비밀정사:작은엄마 무삭제,0
3830,아내를 바꾸다 무삭제,0
3831,호신술 여강사: 여자가 되는 날,0
3832,정사: 형수와 도련님,0
3833,데모닉 : 죽은 자의 부활,5.25
3834,[네마프2018] 글로컬 단편 3 - 젠더와 네러티브,0
3835,색욕에 무너진 이웃집 아내,9.50
3836,친구누나2 무삭제,0
3837,사촌 누나 무삭제,0
3838,포레스트: 위험한 신고식,4.67
3839,러브 인 뉴욕,0
3840,하고 싶은 여자들,0
3841,그룹섹스: 미모의 여직원,0
3842,스와핑:욕구불만 형수,0
3843,진주의순결상실,6.50
3844,호러 무비 나이트,0
3845,나이트메어 비긴즈,1.64
3846,파도 여인 그리고 탱고 무삭제판,0
3847,걸 인 더 포토그래프,0
3848,친구엄마들: 맛있는 섹스,0.00
3849,내 사촌 여동생들,0.00
3850,젊은형수님들,0.00
3851,셀카 출장마사지,0.00
3852,핑크 침대의 변태성욕,0
3853,미인 여교사와 실습,0.00
3854,거유 마사지사가 듬뿍,0.00
3855,운전면허학원 여교사,0.00
3856,중학교 동창 유부녀,0
3857,더 하우스 - 인형의 집,0.00
3858,후난성 전투,0
3859,미션 이스탄불2: 웰컴 투 함부르크,0
3860,월요일이 사라졌다 무삭제판,0
3861,라이즈 위 텔,1.00
3862,크리스마스의 황당한 악몽,6.13
3863,명기 사모님:몸으로 떼우기,0.00
3864,정사:이모와 조카들,0.00
3865,여친엄마 2 무삭제,0
3866,대물 부장님:환장하는 여직원들,0
3867,가슴큰누나들-무삭제,0
3868,후배부부와 교환섹스-무삭제,0
3869,플레닛 오브 에일리언,1.00
3870,물방울 원피스의 유부녀,0.00
3871,인형같은 애인클럽,0.00
3872,실신직전 마사지,0.00
3873,폭주미망인-다빌려드립니다,0.00
3874,해외유학녀의 마사지,0.00
3875,마사지를 받는 여직원들,0.00
3876,미래에서 온 육덕여친,0.00
3877,더 바디: 트리,0.00
3878,런던잡: 다이아몬드를 훔쳐라,0
3879,미드나잇 맨,5.78
3880,겟 아웃 맨,0.00
3881,SICAF2018 경쟁:키즈2,0
3882,SICAF2018 월드포커스: 슬로바키아 25주년 특별전,0
3883,남편의 젊은부하를 집으로,0.00
3884,결혼기념일에 불륜 들통,0.00
3885,아내는 다른 남자가 있다,0.00
3886,찰진엉덩이 마사지,0.00
3887,마사지에 젖은 오르가즘,0.00
3888,빨간 아내-몽유정사,0.00
3889,다시 사랑한 형수님,0.00
3890,거유 며느리의 손님,0.00
3891,욕정 도련님과 형수,0.00
3892,어장관리 유부녀,0.00
3893,러브 호텔 거리의 유부녀들,0.00
3894,여주인과 노천탕에서,0.00
3895,육욕의 속옷모델,0.00
3896,바이러스 트로피컬,0.00
3897,"은밀한 여관:먹고,자고,하고",0.00
3898,낯선 남자:젖어버렸어요,0.00
3899,하고 싶은 날:보여주는 유부녀,0.00
3900,시아버지와 며느리:참을 수 없는 날,0.00
3901,관계,7.67
3902,자매의 속사정,0.00
3903,야한 유부녀,0.00
3904,처제2,5.14
3905,페르시안 커넥션,0
3906,인간 사냥 게임,0
3907,착한 며느리:음란한 몸,0.00
3908,논스톱 플라이트,0.00
3909,기묘한 이야기들2,0.00
3910,기묘한 이야기들,8.50
3911,동창회:그녀와 하던 날,0
3912,부드러운 여주인:단단한 물건을 원해,0.00
3913,불륜에 맛들린 순진한 아내,0.00
3914,컨저링 고스트,1.00
3915,최후의 배틀,9.00
3916,루나: 소녀의 복수,4.27
3917,데드 엔드 데몬,0.00
3918,작전명 덩케르크,5.50
3919,친척동생과 사귀기,0.00
3920,범인보다 남친을 잡은 여형사,0.00
3921,불륜 스와핑의 시작,0.00
3922,치한전철 음란코스,0.00
3923,젖은 애인백서,0.00
3924,심야 비밀 마사지,0.00
3925,풍만한 유부녀 제자,0.00
3926,직격 유사성행위,0.00
3927,유부녀 신체면접관,0.00
3928,욕실 마사지의 절정,0.00
3929,일본 모텔도우미,0.00
3930,동경대 미녀 가정교사,0.00
3931,동창회 첫사랑과의 정사,0.00
3932,눈앞에서 정사,0.00
3933,육감적인 물리치료사,0.00
3934,거유 출판사 여직원,0.00
3935,유부녀 보험 영업,0.00
3936,여성전문 오일마사지,0.00
3937,물침대와 순정녀,0.00
3938,부자와 결혼하게 해주세요,0.00
3939,여친의 언니는 초거유녀,0.00
3940,비밀의 심야영업,0.00
3941,비오는 오후의 정사,0.00
3942,귀여운 마사지 서비스,0.00
3943,남편의 부장님이 조교,0.00
3944,조카들에게 당하는 발정난 이모,0.00
3945,가정부의 맛,0.00
3946,친구의 여자,8.12
3947,블러드 스크림,0
3948,허리케인 샤크네이도,0
3949,제니퍼 그래이슨 실종 사건,6.67
3950,내 엄마의 친구(무삭제),0
3951,착한 장모들(무삭제),0
3952,여대생의 조건만남,0.00
3953,옥보단2 무삭제판,0
3954,사촌 여동생들: 금단의 사랑(무삭제),0
3955,젊은 형수님: 내 여자가 되던 날,0.00
3956,친구 딸들의 맛(감독판),0
3957,며느리의 유혹,0.00
3958,맛있는 처형,0.00
3959,사이드 이펙트,0
3960,살수병기,0
3961,정사 : 처제의 사랑 무삭제편,0
3962,장모학개론-무삭제,0
3963,탱글탱글 여문 요가녀의 가슴,0.00
3964,젊은 처형: 그녀를 탐하다,0.00
3965,작은 엄마들,0.00
3966,음란한 오피스:대주는 여비서,0.00
3967,인투 더 샤크스톰,6.98
3968,착한 장모님들과의 정사(감독판),0
3969,정사 : 착한 숙모 무삭제,0
3970,나쁜남자-사모님의 엉덩이,0.00
3971,죽음의 리무진,0
3972,악령의 캠핑카,4.16
3973,뱅크 잡: 리크루트,0
3974,적 그리스도의 날,0
3975,엄마친구 5 무삭제판,0
3976,밀애 : 아내의 여동생 무삭제판,0
3977,정사 : 자매의 유혹 무삭제,0
3978,빅 스코어,0
3979,시아의 몽정기,7.14
3980,정사 : 은밀한 밀애-무삭제판,0
3981,여직원들 : 2대2 섹스,0.00
3982,개인교수 : 여친 만족 시키기,0.00
3983,여직원들 : 2대2 섹스 무삭제,0
3984,처제의 은밀한 유혹,0.00
3985,처제의 은밀한 유혹 무삭제,0
3986,길들어져버린 유부녀,0.00
3987,남편이 보는 앞에서 남편 부하와 24시간,10.00
3988,할로우 차일드,4.29
3989,꽃꽂이 수업,0.00
3990,어린 이모 - 무삭제판,0
3991,초대녀 - 무삭제판,0
3992,여교사 : 제자와의 사랑 무삭제,0
3993,루킹 글라스,3.02
3994,처제와의 정사,6.00
3995,젊은 형수 2,0.00
3996,새아빠,0.00
3997,친구엄마 : 은밀한 정사,10.00
3998,엄마의 정사,4.00
3999,밤의 여제,0.00
4000,위험한 비디오:죽음의 정사,0
4001,밝히는 여주인,0.00
4002,편의점 섹스:세워드려요,0
4003,발정난 여자:버섯 수집,0.00
4004,나쁜 아내:편의점 섹스,0
4005,블러드 뱀파이어,0
4006,어린장모-무삭제,0
4007,2025 지구전쟁: 얼리전스 오브 파워,4.75
4008,정사 : 캠퍼스 커플 무삭제,0
4009,친구엄마: 여자친구의 엄마를 탐하다(무삭제),0
4010,친구 딸들의 맛,5.00
4011,착한 장모님들과의 정사,0.00
4012,섹스의 목적-무삭제판,0
4013,원초적 비디오 테이프,0
4014,아포칼립스 언데드,1.00
4015,이비자 언데드,0
4016,이블데드 본리스,0
4017,라이즈 오브 더 풋솔져 3,7.00
4018,디 아이즈,5.50
4019,컨저링 마녀의 인형,2.21
4020,판더믹,0
4021,감금당해 범해지는 청순미인,9.60
4022,남편회사 사장에게 강제로 당하는 아내,9.50
4023,남편 후배에게 당하는 가슴 큰 아내,0.00
4024,리턴,0.00
4025,친구엄마들 무삭제,6.00
4026,후배부부와 교환섹스,9.50
4027,최면 섹스:멀티 오르가즘,0
4028,변태 섹스:내 아내를 빌려드립니다,0.00
4029,나쁜 섹스:하고 싶어요,0
4030,변태 섹스:벗겨주는 여자들,0
4031,신혼부부의 성생활 무삭제,0
4032,뒷마당의 정사,0.00
4033,에로영화 배우들의 몰래연애,0.00
4034,성욕이 넘치는 음란한 간호사,0.00
4035,즐기는 성희 마사지,0.00
4036,네일샵의 미인 여주인,0.00
4037,남편에게 비밀인 사채빚,0.00
4038,직장인 천국 마사지,0.00
4039,착한언니 : AV 도우미,0.00
4040,타짜의 목적,3.75
4041,친구엄마: 여자친구의 엄마를 탐하다,0.00
4042,템프팅,6.71
4043,에너미라인 1994 대전투,0
4044,맛있는 섹스 그리고 그 여자-감독판,0
4045,저스티스 배틀,1.00
4046,둠스데이 2018,0
4047,엄마친구의맛,5.00
4048,아내의 욕정을 풀어준 편집장,0.00
4049,밝히는 노인들:나이는 관계 없어!,0
4050,마사지 받으러 간 와이프,0.00
4051,세리나의 음란한 요가 수업,0.00
4052,일 잘하는 여직원,0.00
4053,드래곤 블레이드: 천장웅사,0
4054,누구라도 좋으니 넣어줘요,0
4055,헤픈 여자:섹파 구해요,0
4056,구멍:촉촉히 준비된 여자들,0
4057,의남매,0
4058,정사:상사의 아내,0
4059,아내의 나쁜 섹스 무삭제판,0
4060,유부녀들:반항 후 신음,0
4061,젖은 가랑이:노인이 좋아요,0.00
4062,킬링 인 더 무비,4.60
4063,레이디 닌자,7.11
4064,사춘기 여동생,7.45
4065,어린 신부 능욕기,0.00
4066,터져버린 변태 부인,0.00
4067,내 착한 새엄마,0.00
4068,장모님들 (감독판),0
4069,젊은 형수님들 (감독판),1.00
4070,여닌자:음기로 가득찬 자매,0
4071,나쁜 섹스:겁탈 당한 아내,0.00
4072,음란부인:아내의 내조,0.00
4073,딜레마,0
4074,몽정기:꿈꿔오던 금단의 섹스,0
4075,남자를 원하는 음란 유부녀들,0
4076,착한 이모:내 여자가 되는 날,10.00
4077,피치포크 살인사건,0
4078,복숭아 엉덩이 소녀와 바니걸,0.00
4079,노브라 요가마사지,0.00
4080,불륜 천국의 여인들,0.00
4081,남친이 섹스로봇이면,0.00
4082,오르가즘을 보여드립니다,0.00
4083,일정식집 거유모녀,0.00
4084,평일낮의 아내 도촬,0.00
4085,여성전용 마사지 도촬,0.00
4086,다다미 방과 핑크팬티,0.00
4087,엄마의 연애 무삭제,0
4088,정사 : 아내의 친구 무삭제,0
4089,아내의 애인 2 무삭제,0
4090,엘리트,6.25
4091,사촌 여동생들: 금단의 사랑,0.00
4092,한여름의 풍만녀들,0.00
4093,훔쳐보는 야릇한 온천탕,0.00
4094,풍속녀 도촬성공,0.00
4095,평범한 주부의 대낮불륜,0.00
4096,야설작가 아내가 돈버는 법,0.00
4097,어린 여친에 맛들린 절정,0.00
4098,빨간 팬티 유부녀,0.00
4099,여직원의 맛,0.00
4100,착한 장모들,0.00
4101,레지던트 데블,0
4102,맛있는 섹스 그리고 여친 무삭제 특별판,0
4103,맛있는 유혹 무삭제판,0
4104,그녀의 정사 무삭제 감독판,0
4105,어린 아내-무삭제판,0
4106,투모로우 샤크,0
4107,무림신공: 벽력화 무삭제판,0
4108,데드 트리거,3.55
4109,바람난 유부녀:정조따위 필요없어,0.00
4110,남편 친구와 놀아난 아내:여보 미안해,0.00
4111,형수:잘못된 관계,0
4112,마지막 정사: 여럿이 다같이-감독판,0
4113,스와핑 민박집- 무삭제판,0
4114,선녀는 몸으로 운다-무삭제판,0
4115,불륜 커플들,0.00
4116,팀장님의 아내,7.68
4117,시아버지의 욕정,4.00
4118,옆집 유부녀와 불륜정사,0.00
4119,온천장 여주인의 화끈한 서비스,0.00
4120,우연한 정사,0
4121,딸의 애인-무삭제판,0
4122,길들여진 가정교사 쾌락일기,0.00
4123,처형의 유혹,0.00
4124,"젊은 새댁, 옆집 오빠의 맛",0.00
4125,교회누나 무삭제판,0
4126,바람난 아내들2,7.00
4127,한밤의 황당한 저주,6.41
4128,아내의 엄마들,8.00
4129,두 엄마 2018 (감독판),0
4130,내 사촌 여동생들 (감독판),0
4131,하고 싶은 아내:내 아내와 해 주세요,0.00
4132,더 콜러,8.56
4133,마린: 배틀 엔젤,0
4134,친구엄마 2018 (무삭제),0
4135,어린 누나-무삭제판,0
4136,직장상사와 몰래 한 섹스,0.00
4137,다크 하트,0
4138,자매의은밀한스와핑,8.60
4139,유흥1번가,0.00
4140,이벤트우먼,0
4141,내친구아내-무삭제,0.00
4142,내형의여자친구-무삭제,0
4143,애인 : 아내의 남자 무삭제,0
4144,옆집소녀2-무삭제,0
4145,하숙집 여주인의 목적-무삭제판,0
4146,감금,9.60
4147,악마의 속삭임,0.00
4148,지뢰,0.00
4149,에일리언 침공,3.75
4150,수상한 종업원(무삭제판),0
4151,파란문 너머의 환상세계,0
4152,인시디어스: 더 하우스,0
4153,신입사원(무삭제판),0
4154,음란 병동:남편몰래 특별진료,0.00
4155,과부:애타는 몸,0.00
4156,칼리 더 킬러,5.86
4157,젊은 처제들 (감독판),0
4158,어린 새엄마들,6.00
4159,하이재킹: 비상착륙,0
4160,큰놈의 불기둥,0.00
4161,AV 아이돌 일본제일전 도전기,0.00
4162,한지붕 아래 스와핑,0.00
4163,무림의 거유 여닌자 하즈키,0
4164,엘리베이터에서 색다른 경험,0.00
4165,신입 여직원 길들이기,0.00
4166,시아버지는 음란 마초,0
4167,배틀 트랩,7.32
4168,여직원:그녀의 섹스영업,0
4169,의붓아들 농락하는 새엄마,0.00
4170,시니스터 스쿼드,0
4171,애욕의 잔다라 후예들,0
4172,연인 : 섹스중독,0
4173,로빈 후드 리벨리언,3.73
4174,밀애 : 부부카풀 무삭제,0
4175,동창생의 목적-무삭제판,0
4176,카운트다운: 쇼크웨이브,5.31
4177,내 처제가 된 첫사랑,5.50
4178,정사 2018,0.00
4179,섹남섹녀,0.00
4180,착한여선생-무삭제,0
4181,처제의 속사정2,1.00
4182,정사:동생의 아내,0
4183,정사:착한 며느리,0.00
4184,발정난 어린 아내 길들이기,0.00
4185,강제 섹스:거절하다 신음,10.00
4186,친구엄마:맛있게 섹스 한 날,0.00
4187,착한 숙모 : 삼촌이 허락한 날,0.00
4188,친구의 새엄마:참을 수 없는 날,0.00
4189,비밀조직의 음탕한 갱생 훈련,0.00
4190,바람난 아내들,8.25
4191,친구엄마:그녀와 하던 날,0.00
4192,나의 새엄마:여자로 보일 때,0.00
4193,착한 친구엄마 (무삭제),0
4194,에일리언 프레데터,6.62
4195,트랜스퍼런스,9.50
4196,동창회의 목적 3(무삭제),0
4197,부부교환의 날: 젊은 사모님을 탐하다-무삭제판,0
4198,부부교환섹스 3-무삭제판,0
4199,헤이데이,0
4200,완벽한 섹스의 맛-무삭제판,0
4201,더 로저스,3.91
4202,인퀴지터: 엘도라도의 저주,0
4203,크리미널 체이스,5.32
4204,1박2일 소개팅,1.00
4205,언노운 게스트,0
4206,섹션제로3-블록13,2.00
4207,아내의 언니,5.00
4208,연애 : 엄마친구 무삭제,0
4209,위험한 유부녀들,0
4210,정사:유부녀가 된 첫사랑 무삭제판,0
4211,섹시 헬스장 무삭제판,0
4212,착한 아내:참을 수 없는 날 무삭제판,0
4213,나쁜 아내:편의점 섹스 무삭제판,0
4214,내 학생의 엄마 3 무삭제,0
4215,착한 이모:내 여자가 되는 날 무삭제판,0
4216,정사:착한 며느리 무삭제판,0
4217,잠든 남편 옆에서 하다 무삭제판,0
4218,시크릿 파트너스,9.00
4219,남편 후배와의 비밀 정사,0.00
4220,아내의 욕정을 뚫어준 배관공,0.00
4221,여강사: 교실 정사,0
4222,남편 앞에서 당하는 아내2,0
4223,여친 언니 무삭제,0
4224,섹스 시그널 : 옆집 총각과 일본 새댁,0.00
4225,그녀의 색맛: 감독판,0.00
4226,섹스는 맛있다,6.00
4227,문트랩: 타겟 어스,3.76
4228,그루피: 사생팬,0
4229,E-19 바이러스,6.67
4230,일반인,0.00
4231,블러드 오렌지,0.00
4232,형수의 직업_무삭제판,0
4233,내 아내의 초대남들: 네토라레_무삭제판,0
4234,친구의 엄마 2018,0.00
4235,남편에게 들켰다,0.00
4236,잠든 남편 옆에서 하다,0.00
4237,착한 엄마:사랑을 배우다,0.00
4238,매춘 일본판,0
4239,바람난 유부녀들,0.00
4240,지금 하고 싶어,0.00
4241,젊은 아내:홍콩 가는 날,0
4242,음탕한 아내의 은밀한 오후,0.00
4243,사모님의 욕정을 채워준 남편 부하,0.00
4244,아내를 빌려드립니다,0.00
4245,착한 처제들 2018,0.00
4246,친구엄마들: 맛있는 섹스(감독판),0
4247,내 아내의 여자,4.67
4248,젊은 형수: 형의 여자를 탐하다(무삭제),0
4249,사이클로트론,0
4250,델 플라야,5.18
4251,에일리어네이트,0
4252,과외의 추억-무삭제,0
4253,어린 처제 - 무삭제판,0
4254,D컵 여형사-가슴으로 느껴져요,0.00
4255,불륜:음란한 아내들,0
4256,밝히는 가족,0
4257,수상한 진료실: 엄마친구의 특별한 치료-무삭제판,0
4258,남편 몰래:마사지에 탐닉하는 아내,0.00
4259,엄마의 밀애,0.00
4260,내 엄마의 친구: 완숙한 육체를 탐하다-무삭제판,0
4261,정사 : 어린 새엄마 무삭제,0
4262,"최전선을 지키는 의사들 : 난민, 그들의 험난한 겨울",0
4263,내형의여자친구,7.50
4264,동생의착한아내-무삭제,0
4265,거유 며느리의 은밀한 일탈,0.00
4266,노리개가 된 유부녀,0.00
4267,어린 장모들,5.67
4268,착한 여동생-무삭제,0
4269,친구 엄마들의 맛 (감독판),0
4270,친구 엄마들 2018 (감독판),0
4271,예쁜 처제들 2018 (감독판),0
4272,장모님의 개인교습 (감독판),0
4273,내 친구엄마들 2018 (감독판),0
4274,착한 처제들 2018 (감독판),0
4275,레드 후드,0.00
4276,동생의 여자,7.00
4277,스와핑 : 친구의 아내 2 무삭제,0
4278,어린 처제 2 - 무삭제판,0
4279,만남사이트에서 깊게 채우는 젊은아내,0.00
4280,유부녀 가정부와 호기심 많은 아들래미,2.00
4281,거유 유부녀의 오일 마사지,0.00
4282,맹인 안마사의 기술,1.00
4283,사장을 기다리는 아내,0.00
4284,물좋은하숙집,6.50
4285,착한여자친구,5.25
4286,레티나,0.00
4287,스와핑:아내가 다른 남자와 하고 있다,0
4288,발칙한 여자들:달아오른 옆집 여자와 친구 엄마,0.00
4289,옆집 여자:처음엔 거부 나중엔 신음2,0
4290,관음증:옆집여자,0.00
4291,남편 말고 다른 남자-하고 또 하고,0
4292,오르가즘 레스토랑,6.50
4293,매드 몰리,3.67
4294,노천온천과 게이샤,0.00
4295,야한 숙모와 하룻밤,0.00
4296,신혼인 형수를 노려라,0.00
4297,순결여대생의 오르가즘,0.00
4298,불륜남과 이틀간의 온천여행,0.00
4299,일본여성 3인과 한집에서,0.00
4300,시부야 갸루걸 실신마사지,0.00
4301,혼탕교육 스와핑,0.00
4302,야한 정사의 맛-감독판,0.00
4303,19금 특별한 정사,0.00
4304,내 아내의 친구,6.83
4305,아내의 섹스 프랜드,0.00
4306,내친구아내,6.83
4307,사촌누나들 무삭제,0
4308,두 부부의 정사 무삭제,0
4309,뒤는 네가 처음이야,0.00
4310,섹시한 이자카야 여주인,0.00
4311,술취하면 적극적인 새엄마,0.00
4312,흥분한 유부녀의 오일 마사지,0.00
4313,술취한 상사의 아내가 이쁘다,0.00
4314,도쿄에 사는 맑은 슬림녀,0
4315,여마사지사를 성희롱,0.00
4316,혼자 하는 마사지샵,0.00
4317,작적: 사라진 왕조의 비밀,0
4318,하숙집 여자들 무삭제,0
4319,음란 병동:젖어버린 침대,0.00
4320,바람난 가족:남편은 출장중,0.00
4321,보험 레이디:실적을 위해서라면,0
4322,그녀의 손기술:발기부전 치료 해드려요,0
4323,바람난 가족:엄마의 남자,0
4324,나의 새엄마,10.00
4325,유부녀의 비밀 정력제,0.00
4326,일본 혼혈여대생 마사지,0.00
4327,대낮의 출장 마사지,0.00
4328,초흥분 선탠녀 마사지,0.00
4329,육체노예 유부녀,0.00
4330,벗겨먹는 미망인,0.00
4331,취준 여대생 마사지,0.00
4332,거유 여사원 사냥,0.00
4333,소유욕정의 쉐어하우스,0.00
4334,장례식과 절정 애인,0.00
4335,산부인과 레지던트,0.00
4336,친척누나와 숙모님,0.00
4337,패션 모델처럼 꼬시기,0.00
4338,예쁜 친척누나 꼬시기,0.00
4339,훔쳐보는 쉐어 하우스,0.00
4340,도촬 여대생 하숙집,0.00
4341,안나카레니나: 브론스키 백작의 사랑,0.00
4342,디시젼: 리퀴데이션,0.00
4343,제5의 존재,10.00
4344,로스트: 직소 퍼즐,5.00
4345,엄마 친구 : 매일밤 찾아와 해주는 그녀,0.00
4346,폭풍우 : 죽을 때 까지 하고 싶어,0.00
4347,애송이 섹스 : 누나가 다 가르쳐 줄게,0.00
4348,거유 여사장의 약점,0.00
4349,옆집 사는 젊은 아줌마,0.00
4350,아내의 엄마 무삭제,0
4351,성판17: 남자들의 17가지 성적 판타지 무삭제판,0
4352,바람난 여자들2 무삭제,0
4353,미녀 방문 마사지사,0.00
4354,귀파주는 밀실가게,0.00
4355,착한 엄마 2 무삭제,0
4356,절정기:느끼는 여자들,0
4357,정사:아들의 아내,0
4358,새아빠,0.00
4359,레전드 워리어,0
4360,정사: 질투의 덫-무삭제판,0
4361,착한여선생,0.00
4362,부부교환의 날: 젊은 사모님을 탐하다,0.00
4363,친구 엄마들 2018,0.00
4364,선셋 파크,5.75
4365,부부교환섹스 3,0.00
4366,착한 새엄마 -무삭제판,0
4367,내 이웃의 아내 3 (무삭제),0
4368,신혼부부,7.00
4369,아내의 몸캠,0
4370,처제,8.00
4371,미투 숨겨진진실 무삭제,0
4372,어린 여자: 맛있는 관음-무삭제판,0
4373,착한 엄마친구 2 무삭제,0
4374,제주도 야한밤,1.00
4375,엄마 친구들과의 정사(감독판),0
4376,킹 아더: 원탁의 기사,0.00
4377,마녀의 덫 : 마법의 슬리핑 뷰티,0
4378,에이리언 컨버전스,5.33
4379,크리미널-무삭제 특별판,0
4380,검은비: 악의연대기,4.21
4381,제주도 야한밤 무삭제,0
4382,내아들의여자들-무삭제,0
4383,바람난 아내들,8.25
4384,건 샤이,4.00
4385,왕을 참하라 무삭제판,0
4386,맛있는 유혹,1.00
4387,아내의 나쁜 섹스,0.00
4388,동정 탈출!여배우의 성교육,0.00
4389,S걸의 덫,0.00
4390,정사:유부녀가 된 첫사랑,10.00
4391,헤픈 아내:남편보다 이웃 노인,0.00
4392,섹시 악마의 탐욕,0.00
4393,색몽 H컵의 유혹,0.00
4394,엄마 애인 -무삭제판,0
4395,어린 엄마 - 무삭제판,2.50
4396,음란상사 신입사원 길들이기,0.00
4397,맛있는 섹스 누나 친구-무삭제판,0
4398,남편 몰래 날마다 신음하는 거유비서,10.00
4399,료칸 여인들의 터지는 신음소리,9.80
4400,알.이.씨 : 라스트 프리즌,3.67
4401,킬 존,0.00
4402,순진한 며느리,2.00
4403,짱,3.57
4404,이모의 유혹-무삭제,0
4405,노리개 아줌마,3.00
4406,두 엄마 2018,0.00
4407,장모님들,10.00
4408,내 친구의 엄마들(감독판),0
4409,외도:남편 상사와의 하룻밤,0
4410,어벤져스 그림: 시간 전쟁,5.42
4411,하숙집 여주인의 목적-감독판,2.00
4412,정사:그녀의 마지막 섹스,0
4413,금지된 장난: 시아주버니,0
4414,성인식:남자로 만들어줄게,0
4415,남편몰래이웃남자와,0
4416,외로운 온천 여주인:옛 연인과의 조우,0.00
4417,편의점 알바와의 정사,0.00
4418,한 지붕에서 세 남자와 즐기는 아내,0
4419,옆집 남자의 물건:크고 아름다워요,0.00
4420,여대생의 고백:제가 치한범입니다,0.00
4421,목욕하는 금단정사,0.00
4422,새엄마의 변태성향,0.00
4423,부하직원의 어린아내,0.00
4424,뜨거운 부장님의 아내,0.00
4425,친구 아내는 야한 가정교사,0.00
4426,이성을 미치게하는 숙모님,0.00
4427,아게하의 나체공연,0.00
4428,새엄마는 현역 여대생,0.00
4429,목욕하는 불륜사랑,0.00
4430,젊은 형수님: 형의 여자를 탐하다 -무삭제판,0
4431,작은 엄마 2: 삼촌의 여자들 (무삭제),0
4432,아로마마사지 교육사,0.00
4433,정조관념 없는 유부녀,0.00
4434,새엄마의 절대비밀,1.00
4435,아내가 남자에게 안기는 이유,0.00
4436,음란한 시아버지와 신혼며느리,0.00
4437,야한치마 내리기,0.00
4438,유부녀 육체 상담실,0.00
4439,남편의 형의 유혹,0.00
4440,미망인-친구아내,0.00
4441,맨션과 병원과 러브호텔의 정사,0.00
4442,아내의 몸은 남편의 것,0.00
4443,외도에 미친 유부녀들,0.00
4444,일본부부몰카,0.00
4445,풍속업 교육녀,0.00
4446,대형노출사고-변태녀,0.00
4447,노랑소파의 불륜녀,0.00
4448,터진 보험판매원,0.00
4449,언니의 남편과 아내의 여동생,0.00
4450,며느리의 젊은 육체,0.00
4451,아내의 미인 엄마,0.00
4452,음란한 미용사들,0.00
4453,대실금-젖은팬티,0.00
4454,정말 이쁜 새엄마,0.00
4455,돈없는 형수의 속옷장사,0.00
4456,핫팬티의 어린숙모님,0.00
4457,기모노 신인 여가수의 접대,0.00
4458,너무 뜨거운 새엄마,0.00
4459,미용사 몰카 성공,0.00
4460,초흥분 육체간호,0.00
4461,언니의 애인은 내 첫사랑,0.00
4462,며느리의 뜨거운 배꼽,0.00
4463,부도덕한 친구엄마,0.00
4464,아내의 섹시한 직장동료,0.00
4465,이혼한 여자동창,0.00
4466,친구엄마: 이혼한 그녀의 남자가 되던 날 (무삭제),0
4467,극강 성감 마사지의 쾌감,0.00
4468,최신 유부녀 성노예,0.00
4469,사촌누나들,0.00
4470,룸싸롱 여대생들 무삭제,0
4471,정사 : 친구의 엄마 2 무삭제,0
4472,회사에 손해를 끼친 여직원,8.67
4473,두 부부의 정사,0.00
4474,더 파이터: 파이널 라운드,0
4475,촉촉해진 F컵 거유녀의 그 곳,0.00
4476,혼자 남은 어린 여자:욕정의 몸,0.00
4477,배관공과 해버린 아내,10.00
4478,전망 좋은 부동산 2,10.00
4479,정사:남편 대신 옆집 남자,0
4480,남편 몰래 옆집 남자와,10.00
4481,안마받다 흥분한 육덕녀,10.00
4482,아버지를 보살피는 이쁜 며느리,10.00
4483,내 아내의 친구-무삭제판,0.00
4484,추룡,6.81
4485,위자: 마지막 게임,1.00
4486,작은 엄마 무삭제,0
4487,로보캅: 최후의 전쟁,2.63
4488,예쁜 처제들 2018,0.00
4489,인 서클,0
4490,레더 하우스,0
4491,건마의 신: 어린 아내의 알바,0.00
4492,동급생:침식되어가는 유부녀,0.00
4493,뉴저지 사이코킬러,1.00
4494,착한 자매들 무삭제판,0
4495,내 친구엄마들 2018,0.00
4496,친구엄마 : 내 여자가 되던 날,9.00
4497,친구엄마 : 내 여자가 되던 날 무삭제,0
4498,드래곤 기사단,4.90
4499,테이큰: 미녀들의 전쟁,1.86
4500,바디 컬렉션,0
4501,보물이 사라졌다,4.50
4502,트래쉬 파이어,0
4503,헬버스,2.00
4504,킬러 도너츠,0
4505,에이리언 지구대침공,0
4506,착한 며느리 2,0.00
4507,거래처 여직원,0
4508,유부녀의 불륜고백,0
4509,살인의 흉터,0
4510,정신병원,0.00
4511,개인교수 : 성적 올리기 무삭제,0
4512,남편 친구와의 불륜,0
4513,형수님의 남자,8.90
4514,내 아들의 친구,0.00
4515,착한 아내:참을 수 없는 날,0
4516,섹시 헬스장,0.00
4517,하고 싶은 유부녀,0.00
4518,연애사슬,1.33
4519,내딸 : 아찔한 동거,1.00
4520,대구단편 2,0
4521,진주의순결상실-무삭제,0
4522,새오빠2 무삭제,0
4523,파이널 매치,0.00
4524,다크 아이리스,7.00
4525,여자 하숙집2 무삭제,0
4526,쓰레기 버리는 노브라 아줌마,0
4527,아내의 비밀스러운 아르바이트,0
4528,아버지의 애인,0
4529,너무 밝히는 사촌누나들(감독판),0
4530,젊은 처제들,0.00
4531,수상한 진료실: 엄마친구의 특별한 치료,0.00
4532,젊은장모-무삭제,0
4533,거근이 좋아,0
4534,연변 아가씨의 맛섹사-무삭제판,0
4535,내 친구의 아내 3 (무삭제),0
4536,내 엄마의 친구: 완숙한 육체를 탐하다,0.00
4537,내 여친은 음탕한 악마,0.00
4538,레이크피어2: 더 스웜프,0
4539,샤크네이도 스톰,0
4540,엄마친구들 2 무삭제,0
4541,섹스감옥-여죄수의 복수,0
4542,엘에이 문라이트,0
4543,은밀한쇼-달의장,0
4544,내아들의여자들,4.00
4545,어린 BJ 와이프,0.00
4546,외로운 미망인:시아버지와 도련님,0.00
4547,밀애:어린 새엄마,0
4548,근친의 사랑3:양아버지,0
4549,하고싶은 형수님:형의 선물,0.00
4550,비밀애:길들여진 유부녀들,0.00
4551,보험 설계사의 은밀한 영업,9.33
4552,강제로 당하는 새엄마,9.20
4553,유부녀 미용사의 유혹,0.00
4554,노출을 즐기는 간호사,0.00
4555,몸으로 접대한 아내,0.00
4556,여배우와 동거-무삭제,0
4557,터미네이터 사이보그,3.67
4558,정사 : 사촌 여동생들 무삭제,0
4559,에일리언 킬러,10.00
4560,저주의 산뗏,6.25
4561,쥬라기 게임,10.00
4562,감금당한 청순미인의 절정,9.60
4563,내 여자가 된 형수,2.00
4564,빼앗긴 아내,0.00
4565,내 친구 엄마 무삭제,0
4566,착한 형수 3 무삭제,0
4567,처녀 사냥 - 무삭제판,0
4568,친구엄마: 그녀의 병간호 (무삭제),0
4569,퓨쳐 월드,3.69
4570,이탈리안 마피아,0.00
4571,프로젝트 : 에덴,5.00
4572,부부교환의 날 2017: 친구의 아내를 탐하다 -무삭제판,0
4573,내 이웃의 아내 3,0.00
4574,젊은 형수: 형의 여자를 탐하다,0.00
4575,새엄마 2: 그녀의 남자가 되다 (무삭제),0
4576,부부 교환의 날 2017 (무삭제),0
4577,고스트 하우스,6.50
4578,시아의 몽정기-무삭제,0
4579,액트 오브 워,0
4580,미망인들:남편 영정 앞에서,0
4581,앤: 영혼이 깃든 인형,1.40
4582,파라노말 하우스,2.57
4583,사라진 시간,0.00
4584,네 얼간이와 장례식,9.60
4585,약점 잡혀 협박당하는 알바녀,9.00
4586,섹스 인 더 게임 무삭제판,0
4587,이스케이프 플랜: 코드네임 제로,0
4588,젊은 엄마 친구 무삭제판,0
4589,시아버지:며느리의 간호,0
4590,나쁜 섹스:신입 보험영업,0
4591,그녀의 속사정,0
4592,정사 : 나쁜 시동생,0
4593,대물 부장님에 환장하는 아내,0.00
4594,유부녀들의 맛 무삭제판,0
4595,마음 착한 며느리,0.00
4596,젊은 처형: 그녀를 탐하다(무삭제),0
4597,작은 엄마들(무삭제),0
4598,장모님의 개인교습,0.00
4599,누나친구 : 이혼하고 온 날 무삭제,0
4600,마이 펫 다이노소어,5.38
4601,선배 남편 내가 가지기,0
4602,변태 치과의사의 특별한 진료,0
4603,성욕처리의 비밀,0
4604,오렌지 소파의 스와핑,0
4605,순정거유의 절정,0
4606,어린 신입여직원의 야근,0
4607,친구 남친 유혹하기,0
4608,미인자매의 뒷이야기,0
4609,끝내주는 미망인,0
4610,유사성행위 술집,0
4611,여관주인과 재혼한 아내의 딸,0
4612,세탁소 여주인의 정사,0
4613,전화로 꼬시는 여자들,0.00
4614,밀크탱크 유부녀,0.00
4615,당구장의 육덕녀,0
4616,딸기 팬티의 불륜,0
4617,친구 엄마의 유혹,0.00
4618,빼앗긴 아내: 이웃남자,0
4619,가정교사의 비밀수업,0.00
4620,정사 : 친구의 엄마 무삭제,6.00
4621,불륜 동창회 무삭제,0
4622,실화 섹스전화상담,0.00
4623,젊은 직원 맛보기,0.00
4624,너의 첫 경험은 내가 가지겠어,0.00
4625,돈으로 산 그녀의 정사,0.00
4626,아이돌의 속옷구경,0.00
4627,보험왕의 육체계약,0.00
4628,속옷벗은 미용사,0.00
4629,여친과 여친엄마,8.50
4630,미니스커트의 영어선생님,0.00
4631,거유 여관의 온천욕탕,0.00
4632,정사 : 사촌 여동생들,0.00
4633,젊은 아내: 남편 교환의 날 (무삭제),0
4634,컨저링 오브 고스트헌터즈,0
4635,부부교환섹스 2 (무삭제),0
4636,착한 엄마 (무삭제),0
4637,사촌여동생 무삭제판,0
4638,AIYouth 2018 페스티벌 초이스,0
4639,욕구불만녀:많이 쌓였어요,0
4640,아내의 불륜:아이를 낳고 싶어요,0
4641,허락받은 불륜섹스,0
4642,프리랜서스,0
4643,가정부 : 맛있는 서비스,10.00
4644,정사 : 친구의 여자를 탐하다,0.00
4645,정사 : 친구의 여자를 탐하다 무삭제,0
4646,가정부 : 맛있는 서비스 무삭제,0
4647,CADFF 2018 단편경쟁본선작 2,0
4648,배틀쉽: 라스트 솔져,2.27
4649,황야의 총잡이,0.00
4650,작전명 비스트,6.33
4651,거대 불개미의 습격,0
4652,가정교사:만져주기,0.00
4653,미망인들:상중 섹스,0
4654,암살자 사치-섹스 해야 사는 여자,0.00
4655,레지던트 이블 좀비,0
4656,디노타샤 어드벤처,10.00
4657,퀸 크랩,0
4658,착한 형수 2 무삭제,5.33
4659,첫경험 - 무삭제판,0
4660,럭키 스티프,0
4661,친구엄마 : 그녀의 밤기술 무삭제,0
4662,착한 처형 : 아내를 대신하다 무삭제판,0.00
4663,엄마친구의 섹스 무삭제판,0.00
4664,착한 형수 : 뜨거운 유혹 무삭제,0
4665,엄마친구 4 무삭제,0
4666,브림스톤,0.00
4667,외출 2 무삭제,0
4668,착한 엄마 무삭제,0
4669,땀냄새에 이끌린 유부녀,0
4670,내 학생의 엄마 2 무삭제,0
4671,엄마친구들 무삭제,6.00
4672,뺏고 싶은 형수,0
4673,유니폼을 벗은 관리인,0.00
4674,남편보다 젊은 남자,0
4675,연하남과 러브호텔,0
4676,단한번의 불륜-연하남,0
4677,색기 노출증의 여자,0
4678,몸좋은 도련님이 좋아,0
4679,여작가와 편집장,0
4680,여자 아나운서의 속살,0
4681,음란모녀의 성욕 이발소,0
4682,아내의 젊은 엄마,0
4683,누나와 하코네 온천여행,0
4684,아들의 미인 여교사,0
4685,장난치는 관능천사,0
4686,자꾸 열리는 검은 속옷,0
4687,영화관에서 당하는 여자들,0
4688,빨간사과와 거유녀,0
4689,맨션 관리인 꼬시기,0.00
4690,친목회의 변태 투어,0
4691,날씨 아나운서의 정사,0
4692,회사사장과 계약사원,0
4693,고백! 세명의 풍속녀,0
4694,허락 받은 정사- 맞바람,0
4695,빨간 폭주 정사,0
4696,츠보미 여닌자의 흡입술,0
4697,정사 : 착한 며느리들 무삭제판,0
4698,어린 형수 3 - 무삭제판,0
4699,더 러버스,5.50
4700,렌델: 어둠의 기사,5.20
4701,비뇨기과 여의사들 무삭제,0
4702,교환섹스 : 동생의 여자,0.00
4703,정사 : 시아버지와 도련님,0.00
4704,정사 : 시아버지와 도련님 무삭제,0
4705,미용실 : 특별한 서비스 2 무삭제,0
4706,교환섹스 : 동생의 여자 무삭제,0
4707,밀애 : 사장님의 젊은 아내,10.00
4708,밀애 : 사장님의 젊은 아내 무삭제,0
4709,새엄마는 전여친,1.00
4710,새엄마는 전여친 무삭제,0
4711,소문의 여자,1.00
4712,대지진,5.27
4713,비스티걸스 감독판,0
4714,바스킨,0
4715,맨 오브 저스티스,4.86
4716,밀애 : 친구엄마 무삭제판,0
4717,섹션제로2-블랙스쿼드,0
4718,친구엄마 : 섹스 하던 날,1.00
4719,친구엄마 : 섹스 하던 날 무삭제,0
4720,누나친구 : 이혼하고 온 날,10.00
4721,비룡맹장,0
4722,센과 치히로의 행방불명,0
4723,블리트,0
4724,더 독,0.00
4725,돼지의 왕,0
4726,두 개의 문,0
4727,마지막 군단,0
4728,코난: 암흑의 시대,0
4729,탐욕의 제국,0
4730,어쌔신: 닌자걸,0
4731,마지막 4중주,0
4732,밀양 아리랑,0
4733,헤라클레스 : 레전드 비긴즈,0
4734,첫 경험,0.00
4735,45년 후,0
4736,싱 오버 미,0
4737,립반윙클의 신부,0
4738,연상녀들 : 내가 가르쳐 줄게 무삭제,0
4739,여자 보험왕 : 그녀의 영업비밀 무삭제,0
4740,부부교환섹스 2017 (무삭제),0
4741,새엄마 2 무삭제,0
4742,일본 엄마 2 무삭제,0
4743,여대생의 오일마사지,0
4744,새엄마의 섹스 교육 무삭제판,0.00
4745,직장 스와핑 : 예쁜 여직원들 무삭제판,10.00
4746,새엄마 새누나 무삭제판,0
4747,스와핑 : 형의 여자 무삭제판,0.00
4748,엄마 친구 : 그녀의 섹스고백 무삭제판,0.00
4749,딸의 친구 2 - 무삭제판,0
4750,친구엄마 : 참을 수 없는 날 무삭제,0
4751,학생의 엄마 : 첫 섹스 하던 날 무삭제,0
4752,좀비 vs 헌터,0
4753,여자들 : 섹스의 만족도 무삭제,0
4754,내 아내의 언니 2 무삭제,0
4755,신의형제,0
4756,아리랑시네센터 정기상영회 '언니네영화관',0
4757,휴대폰,0.00
4758,SEFF2018 전체관람가 1,0
4759,SEFF2018 전체관람가 2,0
4760,투키 부키,0
4761,일린,0
4762,법,0.00
4763,울부짖는 남자,0
4764,흑인 소녀,0
4765,트랑스,0
4766,중국1978,0
4767,알레포 함락,0.00
4768,타인의 침묵,0.00
4769,즐거운 나의 집,0.00
4770,자화상: 47km 너머의 스핑크스,0.00
4771,싱크홀 가족,0.00
4772,단편영화 다시보기 - 아시프 화제작,0
4773,단편영화 다시보기 - 발칙한 상상력,0
4774,단편영화 다시보기 – 인생은 반전,0
4775,이산+뛰어도 뛰어도,0
4776,단편영화 다시보기 - Life Is Short!,0
4777,단편영화 다시보기 - 사랑에 빠지다,0
4778,평범한 즐거움,0
4779,2018EUSFF - 배우 전소니와 함께 보는 유럽단편영화,0
4780,2018EUSFF - 유럽 애니메이션과 오케스트라 실황연주,0
4781,12월 단편 상상극장-강유가람 감독전,0
4782,2018EUSFF - 개막식,0
4783,2018EUSFF - 섹션1. 새로운 시작,0
4784,2018EUSFF - 섹션2. 삶이 엉망일 때,0
4785,2018EUSFF - 섹션3. 사랑의 색채,0
4786,2018EUSFF - 섹션4. 나란히 걷다,0
4787,2018EUSFF - 섹션5. 순수함의 끝에서,0
4788,2018EUSFF - 나와 타인의 초상,0
4789,2018EUSFF - 안드레아스가 들려주는 유럽과 사랑,0
4790,"2018EUSFF - 북유럽 모델, 사회안전망 그리고 가족",0
4791,2018EUSFF - 감독과 모델이 바라보는 여성의 연대,0
4792,2018EUSFF - 로랭 셰프와 함께하는 유럽의 맛있는 이야기,0
4793,2018EUSFF - 신준 감독과 함께 보는 유럽단편영화,0
4794,숨바꼭질/목욕탕 가는길 - Made in Jeonju 7월,0
4795,장미빛 사랑은 없다,0.00
4796,스프노잘,0
4797,더 케이지,0.00
4798,해피니스 로드,9.00
4799,Diff 2018 특별섹션1,0
4800,애정은행,0
4801,반차/아역배우 박웅비 - Made in Jeonju 8월,0
4802,맹인영화관,0
4803,말더듬이 발라드,6.00
4804,불멸의 샤먼,5.00
4805,제뉴인 러브,0
4806,[네마프2018] 글로컬 단편 4 - 인권과 네러티브,0
4807,그루잠,10.00
4808,로그북,0
4809,카일라스 가는 길,9.37
4810,여행자,0.00
4811,사막 한 가운데서+선아의 방,0
4812,시민참여섹션2 ‘성장 판타지아’ - 2018 FALLing in JEONJU,0
4813,시민참여섹션1 '약자와 약자들' - 2018 FALLing in JEONJU,0
4814,단편 섹션/더블 액팅 샷 - 2018 FALLing in JEONJU,0
4815,이상한 나라의 앨리스,0.00
4816,리골레토,0.00
4817,토스카,0.00
4818,카르멘,0.00
4819,호두까기 인형,7.14
4820,마술피리,9.00
4821,라 보엠,0.00
4822,마농,0.00
4823,맥베스,0.00
4824,백조의 호수,0.00
4825,미나의 선택,0
4826,이터널 섬머,0
4827,마사와 니키,0
4828,소피벨,0
4829,청춘파,0
4830,언더독,9.33
4831,비스칸의 기적,0
4832,티벳하늘,0
4833,절대歌인,0
4834,커튼콜/소풍날 - Made in Jeonju 3월,0
4835,미지의 여인에게서 온 편지,0
4836,몽상가의 나흘 밤,0
4837,"문화가 있는 날 3월 움프극장 / 스키여정: 집으로, 등짐 아래의 자유",0
4838,플레이 체육왕 - 스포츠 단편모음,0
4839,"문화가 있는 날 4월 움프극장 / 도도스 딜라이트, 신참내기",0
4840,"문화가 있는 날 6월 움프극장 / 내일의 노래, 볼더링의 모든 것",0
4841,"문화가 있는 날 5월 움프극장 / 타쉬, 그리고 선생님, 페루자",0
4842,방문/최후의 만찬 - Made in Jeonju 4월,0
4843,독립영화의 밤,0
4844,제9회 대구사회복지영화제 – 독립단편다큐 2,0
4845,기억을 잃어버린 때,0
4846,"레드헌트2, 국가범죄",0
4847,제9회 대구사회복지영화제 – 독립단편다큐 1,0
4848,제9회 대구사회복지영화제 – 소나기+볼링블링,0
4849,제9회 대구사회복지영화제 – 그러나...복지를 버리는 시대로+또 하나의 교육,0
4850,그가 없는 8월이,0
4851,제9회 대구사회복지영화제 – 독립단편애니,0
4852,제9회 대구사회복지영화제 – 환경과 복지: 충돌하는 세계 단편모음,0
4853,제9회 대구사회복지영화제 – #봉기하라+체르노빌의 할머니들,0
4854,제9회 대구사회복지영화제 – 버차이나 모놀로그+우리가 여기에 있다,0
4855,제9회 대구사회복지영화제 – 복지와 정치 : 소수자들의 정치학 단편모음,0
4856,제9회 대구사회복지영화제 – 투 러시아 위드 러브+급진예술과 행동강령,0
4857,초원의 꽃,0
4858,산 너머 보리밭,0.00
4859,로테와 루이즈,0.00
4860,베이징 러브 스토리,0
4861,사라방드,0
4862,베리만아일랜드,0
4863,「딸에 대하여」 책과 영화의 만남 - 단편모음(섹션 1),0
4864,「딸에 대하여」 책과 영화의 만남 - 단편모음(섹션2),0
4865,「딸에 대하여」 책과 영화의 만남 - 단편모음(섹션 3),0
4866,개막작 - 2018 전북독립영화제,0
4867,경쟁4 - 2018 전북독립영화제,0
4868,경쟁1 - 2018 전북독립영화제,0
4869,경쟁6 - 2018 전북독립영화제,0
4870,경쟁2 - 2018 전북독립영화제,0
4871,지역초청 - 2018 전북독립영화제,0
4872,경쟁3 - 2018 전북독립영화제,0
4873,경쟁5 - 2018 전북독립영화제,0
4874,2018 전북독립영화제 폐막식 + 폐막작,0
4875,권투도장,0
4876,자스민 우먼,0
4877,두라라 승진기,0
4878,건국대업,0
4879,건당위업,0
4880,망향,0.00
4881,은밀하게 위대하게,0
4882,모니카와의 여름,0
4883,사랑아 나는 통곡한다,0
4884,귀로(歸路),0
4885,프랑스 다이어리,0
4886,샤오홍,0
4887,1942,0
4888,해양천국,0
4889,역린,0
4890,라 트라비아타,10.00
4891,의자가 되는 법,0
4892,"폭풍의 아이들, 1권",0
4893,문정왕후,0
4894,바라: 축복,0
4895,사도,6.02
4896,춘희막이,0
4897,사막에서 연어낚시,0
4898,한밤의 아이들,0
4899,장산범,6.07
4900,걷기왕,0
4901,나무들 비탈에 서다,0
4902,뚜르: 내 생애 최고의 49일,0
4903,검은 머리,0
4904,어거스트 에이트,0
4905,휴일,6.72
4906,오리엔트 특급 살인사건,8.00
4907,스톡홀름 스토리,0
4908,동창회,7.50
4909,형제는 용감하였다,0
4910,퇴마: 무녀굴,0
4911,오키나와의 할머니,0
4912,분장,0
4913,시 읽는 시간,0
4914,갯마을,0
4915,일만명의 성자들,0
4916,팀북투,0
4917,일사각오,0
4918,장기왕 : 가락시장 레볼루션,0
4919,레이싱 익스팅션,0
4920,대장 김창수,6.92
4921,갈대,0.00
4922,난징! 난징!,0
4923,다이버,0.00
4924,앤서니 위너: 선거이야기,0
4925,어두워질 때까지,0
4926,대립군,7.29
4927,비터 머니,0
4928,로드,6.76
4929,딥,5.57
4930,"다시, 벚꽃",9.10
4931,부라더,7.27
4932,반 고흐 인 차이나,0
4933,성찬식,0
4934,심야식당 2,0
4935,서부의 사나이,0
4936,소은이의 무릎,0.00
4937,주성치와 함께라면+무직비디오,0
4938,마지막 열차,0
4939,운명의 손,0
4940,청춘쌍곡선,0
4941,아라베스크,0
4942,렛드 문,0
4943,죽음의 다섯 손가락,0
4944,태양닮은 소녀,0
4945,왕십리,0
4946,나타샤,0.00
4947,족보,0
4948,남과 여,0.00
4949,차타레부인의 사랑,0
4950,짝코,0
4951,바보선언,0
4952,저하늘에도 슬픔이,0
4953,티켓,5.14
4954,애니,0.00
4955,스탠 바이 미,0
4956,연산일기,0
4957,성공시대,0
4958,달마가 동쪽으로 간 까닭은?,0
4959,"나의 사랑, 나의 신부",0
4960,가슴에 돋는 칼로 슬픔을 자르고,0
4961,달은...해가 꾸는 꿈,0
4962,낮은 목소리 - 아시아에서 여성으로 산다는 것,0
4963,축제,0.00
4964,꽃잎,0.00
4965,씨클로,0
4966,화니와 알렉산더,0
4967,초록물고기,0
4968,8월의 크리스마스,7.00
4969,해피엔드,7.95
4970,이재수의 난,0
4971,책상 서랍 속의 동화,0
4972,"그 산, 그 사람, 그 개",0
4973,국화차,0
4974,K-19,0
4975,나에게 표창장을 줘요,0
4976,용서받지 못한 자,0
4977,2006 [통합]영화제/기획전/회고전 등,0
4978,혐오스런 마츠코의 일생,0
4979,가을 소나타,0
4980,산딸기,0
4981,제7의 봉인,0
4982,라 비 앙 로즈,0
4983,미몽(죽음의 자장가),0
4984,최후의 증인,0
4985,꼬방동네 사람들,0
4986,황진이,0
4987,기쁜 우리 젊은 날,0
4988,안녕하세요 하나님,0
4989,양산도,0
4990,느미,0
4991,장군의 수염,0
4992,악마가 너의 죽음을 알기전에,0
4993,리미의 추측,0
4994,뮬란: 전사의 귀환,0
4995,아녜스 바르다 회고전,0
4996,언스토퍼블,0.00
4997,타겟트,0
4998,블라인드,8.15
4999,삼국지: 명장 관우,0
5000,두 개의 선,0
5001,사라의 열쇠,0
5002,샤넬과 스트라빈스키,0
