,영화명,평점
0,트랜스포머 3,7.06
1,최종병기 활,7.86
2,써니,9.12
3,완득이,8.80
4,쿵푸팬더 2,8.71
5,미션임파서블:고스트프로토콜,8.74
6,조선명탐정 : 각시투구꽃의 비밀,8.12
7,도가니,9.27
8,해리포터와 죽음의 성물2,9.33
9,리얼 스틸,9.06
10,캐리비안의 해적: 낯선 조류,8.08
11,퀵,7.85
12,고지전,8.68
13,오싹한 연애,8.54
14,혹성탈출: 진화의 시작,8.77
15,위험한 상견례,7.65
16,엑스맨: 퍼스트 클래스,9.05
17,의뢰인,8.07
18,가문의 영광4 - 가문의 수난,4.16
19,블라인드,8.08
20,7광구,3.34
21,마당을 나온 암탉,8.88
22,라스트 갓파더,6.24
23,글러브,8.84
24,아이들...,9.02
25,걸리버 여행기,5.74
26,평양성,7.78
27,토르: 천둥의 신,7.33
28,헬로우 고스트,8.88
29,그대를 사랑합니다,9.33
30,블랙 스완,8.72
31,분노의 질주: 언리미티드,8.95
32,마이 웨이,7.20
33,브레이킹 던 part1,7.02
34,신들의 전쟁,8.65
35,월드 인베이젼,7.56
36,셜록홈즈 : 그림자 게임,8.00
37,소스 코드,9.00
38,특수본,6.97
39,수상한 고객들,8.64
40,오직 그대만,9.14
41,개구쟁이 스머프,8.55
42,라푼젤,9.34
43,심장이 뛴다,7.53
44,파퍼씨네 펭귄들,8.53
45,메가마인드,8.78
46,체포왕,7.72
47,만추,7.43
48,퍼펙트 게임,8.94
49,킹스 스피치,8.32
50,틴틴 : 유니콘호의 비밀,7.34
51,화이트: 저주의 멜로디,6.84
52,푸른소금,7.07
53,황해,7.94
54,풍산개,7.00
55,통증,7.83
56,고양이: 죽음을 보는 두 개의 눈,5.07
57,삼총사 3D,7.32
58,아이 엠 넘버 포,7.34
59,리오,8.94
60,명탐정 코난 : 침묵의 15분,9.07
61,머니볼,8.43
62,아더 크리스마스,8.72
63,인 타임,7.42
64,콜롬비아나,7.49
65,너는 펫,6.25
66,챔프,8.40
67,러브 & 드럭스,7.83
68,언노운,7.72
69,퍼스트 어벤져,7.81
70,앨빈과 슈퍼밴드3,8.40
71,슈퍼 에이트,6.88
72,카운트다운,7.43
73,카 2,8.02
74,생텀,7.34
75,세 얼간이,0
76,해리 포터와 죽음의 성물1,8.21
77,시즌 오브 더 위치: 마녀 호송단,6.67
78,모비딕,7.31
79,랭고,6.55
80,티끌모아 로맨스,7.53
81,사랑이 무서워,7.00
82,내 이름은 칸,9.29
83,컨트롤러,7.30
84,레드 라이딩 후드,7.02
85,커플즈,7.96
86,짱구는 못말려 극장판 : 초시공! 태풍을 부르는 나의 신부,8.84
87,새미의 어드벤쳐,8.99
88,링컨 차를 타는 변호사,8.20
89,세상에서 가장 아름다운 이별,9.28
90,마이 블랙 미니드레스,6.86
91,트론: 새로운 시작,7.33
92,상하이,0.00
93,친구와 연인사이,7.43
94,극장판 포켓몬스터 베스트 위시「비크티니와 백의 영웅 레시라무」,7.79
95,파이널 데스티네이션5,6.52
96,카우보이 & 에이리언,5.74
97,마마,7.88
98,적과의 동침,7.51
99,줄리아의 눈,7.91
100,컨테이젼,8.28
101,알파 앤 오메가,8.36
102,노미오와 줄리엣,8.31
103,극장판 포켓몬스터 베스트 위시 「비크티니와 흑의 영웅 제크로무」,8.13
104,메카닉,8.13
105,그린랜턴: 반지의 선택,5.86
106,투혼,7.93
107,한나,6.16
108,굿모닝 에브리원,8.36
109,코쿠리코 언덕에서,6.03
110,그린 호넷,6.68
111,쥴리의 육지 대모험,7.08
112,바니버디,7.71
113,127시간,8.17
114,"울지마, 톤즈",9.34
115,나는 아빠다,9.20
116,킬러 엘리트,7.26
117,빨간모자의 진실 2,6.37
118,어브덕션,6.42
119,써커 펀치,6.97
120,헬프,9.43
121,프렌즈: 몬스터섬의비밀,8.87
122,극장판 포켓 몬스터 DP 「환영의 패왕 조로아크」,8.78
123,극장판 도라에몽: 진구와 철인군단 날아라 천사들,8.86
124,파이터,8.04
125,50/50,8.36
126,제인 에어,7.94
127,비스틀리,7.55
128,오늘,8.03
129,파라노말 액티비티 3,6.92
130,라이온 킹,0
131,삼국지: 명장 관우,7.30
132,썬더일레븐 극장판 : 최강군단 오우거의 습격,8.49
133,라스트 나잇,8.10
134,정무문 : 100대 1의 전설,7.32
135,로맨틱 크라운,7.21
136,러브 앤 프렌즈,6.96
137,히트,3.58
138,웨이 백,0.00
139,타운,8.18
140,기생령,4.33
141,프리스트,6.32
142,샤크 나이트 3D,5.18
143,타워 하이스트,7.55
144,써니 감독판,9.12
145,완벽한 파트너,6.90
146,옥보단 3D,3.87
147,아따맘마 - 극장판,7.30
148,프렌즈 위드 베네핏,7.99
149,꿀벌 하치의 대모험,8.61
150,청원,8.87
151,회초리,8.06
152,Mr.아이돌,7.29
153,로맨틱 헤븐,6.48
154,베니싱,5.94
155,돈비 어프레이드 : 어둠 속의 속삭임,5.39
156,극장판 메탈 베이블레이드 VS 태양 작열의 침략자 솔블레이즈,6.09
157,미트 페어런츠 3,6.57
158,그을린 사랑,8.71
159,"사랑한다, 사랑하지 않는다",5.81
160,레지던트,6.95
161,천녀유혼,6.48
162,블리츠,6.95
163,언피니시드,7.23
164,황당한 외계인: 폴,7.76
165,헤드,8.84
166,결정적 한방,6.26
167,내 여자친구의 결혼식,7.59
168,극장판 유희왕 : 시공을 초월한 우정,7.82
169,극장판 아따맘마3D : 엄마는 초능력자,7.30
170,행오버 2,6.88
171,고 녀석 맛나겠다,9.23
172,쩨쩨한 로맨스,8.52
173,달빛 길어올리기,6.97
174,더 라이트: 악마는 있다,7.34
175,워터 포 엘리펀트,7.63
176,쓰리 데이즈,8.30
177,별을 쫓는 아이,7.91
178,포인트 블랭크,6.91
179,스트레스를 부르는 그 이름 직장상사,7.70
180,더 킥,6.95
181,트리 오브 라이프,7.01
182,소중한 날의 꿈,8.60
183,아메리칸,5.81
184,인 어 베러 월드,8.79
185,스크림 4G,5.86
186,아프리카 마법여행,4.99
187,퍼펙트 센스,7.94
188,히어애프터,7.83
189,샤오린 : 최후의 결전,7.37
190,북촌방향,7.78
191,혈투,7.04
192,고백,7.75
193,세인트 클라우드,7.35
194,마오의 라스트 댄서,0
195,김종욱 찾기,8.29
196,훈장과 악동들,7.71
197,노다메 칸타빌레 최종악장,8.90
198,쟈니 잉글리쉬2 : 네버다이,7.50
199,가필드 펫 포스 3D,0
200,지구대표 롤링스타즈,6.45
201,음모자,8.13
202,아이 엠 러브,0
203,나니아 연대기: 새벽 출정호의 항해,8.09
204,소명 3 : 히말라야의 슈바이처,9.08
205,더 브레이브,8.07
206,드라이브 앵그리 3D,6.44
207,오페라의 유령 : 25주년 특별 공연,9.30
208,무협,7.63
209,리멤버 미,7.53
210,워리어,8.70
211,환상의 그대,7.60
212,원라이프,6.38
213,파수꾼,0.00
214,상실의 시대,4.94
215,토마스와 친구들 - 극장판 3,7.15
216,엄마 까투리,9.18
217,돼지의 왕,8.02
218,드라이브,8.08
219,초(민망한)능력자들,0
220,비기너스,8.22
221,거위도 난다,0
222,사랑을 카피하다,7.87
223,세상의 모든 계절,8.60
224,양과자점 코안도르,6.60
225,바보야,8.15
226,허블 3D,7.52
227,일루셔니스트,8.45
228,스톤,0.00
229,비우티풀,8.41
230,진짜로 일어날지도 몰라 기적,8.72
231,슈퍼쇼3 3D,7.39
232,헤어드레서,8.07
233,서유기 리턴즈,5.84
234,플레이,8.10
235,코파카바나,8.05
236,샤넬과 스트라빈스키,0
237,트루맛쇼,9.25
238,사라의 열쇠,8.42
239,극장판 메이저 : 우정의 강속구,0
240,2010 빅뱅라이브콘서트 BIGSHOW 3D,6.92
241,윈터스 본,6.51
242,고양이 춤,9.03
243,최종병기 활 감독확장판,7.86
244,"혜화, 동",8.41
245,무산일기,8.23
246,씨민과 나데르의 별거,8.94
247,최후의 툰드라-극장판,9.08
248,모차르트 락 오페라,8.81
249,타이페이 카페 스토리,8.04
250,"미안해, 고마워",8.83
251,량강도 아이들,7.16
252,루르드,0
253,재스퍼,0.00
254,용서,10.00
255,고래를 찾는 자전거,7.81
256,법정스님의 의자,8.36
257,타이머,0.00
258,쓰리,6.35
259,부러진 화살,8.91
260,원더풀 라디오,7.57
261,사물의 비밀,7.62
262,사운드 오브 노이즈,7.75
263,르 아브르,7.95
264,톨스토이의 마지막 인생,0
265,마더 앤 차일드,0
266,"러블리, 스틸",0
267,내 친구의 소원,0
268,이티,0
269,클라라,0.00
270,서태지 모아이 : 더 필름,9.64
271,나비효과: 레버레이션,0
272,래빗 홀,8.06
273,피파 리의 특별한 로맨스,0
274,마이 원 앤 온리,0
275,수영장,0.00
276,위대한 계시,0
277,소중한 사람,0
278,나의 선택-잊혀진 가방 그 못다한 이야기,9.12
279,종로의 기적,8.61
280,토일렛,7.84
281,소울 키친,0
282,티파니에서 아침을,0
283,선물 가게를 지나야 출구,8.88
284,피나 바우쉬의 댄싱 드림즈,0
285,레스트리스,7.41
286,간츠,6.28
287,인사이드잡,9.06
288,파리넬리,0
289,카페 느와르,0
290,이브 생 로랑의 라무르,8.21
291,클라우드,0.00
292,라이프 인 어 데이,8.37
293,세 얼간이 감독판,0
294,홍길동 2084,5.40
295,나넬 모차르트,7.26
296,콜렉터,0.00
297,사운드 오브 뮤직,0
298,쿠바의 연인,7.85
299,간츠: 퍼펙트 앤서,6.28
300,디어 미,7.73
301,우리 이웃의 범죄,6.86
302,네버 렛 미 고,7.56
303,미션,8.74
304,앙드레 마티유,7.45
305,킬리만자로의 눈,0
306,오월愛,7.58
307,애정만세,7.44
308,아프리카의 눈물,7.96
309,투어리스트,6.12
310,내가 사는 피부,7.86
311,악인,6.12
312,마셰티,7.27
313,레드라인,8.22
314,안티크라이스트,0
315,메리와 맥스,0
316,퍼블릭 에너미 넘버원,0
317,길소뜸,0
318,"파리, 사랑한 날들",6.69
319,모감보,0
320,릴라 릴라,0
321,대부,6.92
322,리슨 투 유어 하트,7.70
323,십계,0
324,드래곤 길들이기,9.68
325,해저 2만리,0
326,도쿄 오아시스,4.96
327,네 번,8.05
328,멋진 인생,4.52
329,굿바이 보이,8.08
330,속 대부,0
331,피크닉,0.00
332,하얀 정글,8.55
333,창피해,6.23
334,남과 여,0
335,"굿바이, 평양",0
336,시간을 달리는 소녀,7.62
337,오싱,0
338,내일의 죠,6.95
339,삼손과 데릴라,0
340,바람과 함께 사라지다,0
341,러브 액츄얼리,5.33
342,감자,0.00
343,REC 알이씨,8.14
344,성춘향,0
345,엘 시크레토 : 비밀의 눈동자,0
346,마음의 행로,0
347,존 레논 비긴즈-노웨어 보이,0
348,검은 수선화,0
349,사랑하는 사람아,0
350,두 여인,7.26
351,챔프,8.40
352,여로,0.00
353,김약국의 딸들,0
354,다슬이,8.50
355,태양은 가득히,0
356,셰인,0.00
357,안소니퀸의 길,0
358,맨발의 청춘,0
359,모정,0.00
360,아리랑,8.33
361,기적,8.72
362,왕과 나,0.00
363,바빌론의 아들,0
364,두만강,0
365,고교얄개,0
366,징기스칸,0
367,오래된 인력거,8.97
368,유투 3D,0
369,푸치니의 여인,0
370,베라크루스,0
371,세나: F1의 신화,9.24
372,이 생명 다하도록,0
373,플라워즈,8.50
374,내가 버린 남자,0
375,연산군,0
376,용형호제,0
377,스파이 넥스트 도어,6.97
378,도약선생,6.84
379,하이 눈,0
380,오슬로의 이상한 밤,0
381,황태자의 첫사랑,0
382,마루 밑 아리에티,8.25
383,악질경찰,0
384,아씨,0
385,은어,6.50
386,겨울여자,0
387,2004 서태지 라이브 투어 제로,0
388,백사대전,7.02
389,2011칸라이언즈수상작A편,0.00
390,빨간 마후라,0
391,크리스마스 스타!,0
392,히어 앤 데어,0
393,극장판 테니스의 왕자 : 영국식 테니스성 결전,8.67
394,시선 너머,7.63
395,냉정과 열정사이,0
396,쾌걸 조로,0
397,눈물의 웨딩드레스,0
398,전쟁과 평화,0
399,로마의 휴일,0.00
400,파라노말액티비티-도쿄나이트,6.07
401,돌아오지 않는 해병,0
402,수상한 이웃들,6.80
403,남태평양,0.00
404,김정일리아,0
405,파리 36의 기적,0
406,"남겨진 미래, 남극",0.00
407,사랑은 비를 타고,0
408,애니멀 타운,0
409,슬리핑 뷰티,4.89
410,"조제, 호랑이 그리고 물고기들",0
411,평범한 날들,5.48
412,차와 동정,0
413,겨울로 가는 마차,0
414,세계를 그대 품안에,0
415,소년 KJ,0
416,투명인간 그리프,6.71
417,아멘,6.53
418,지상에서 영원으로,0
419,뽕똘,0
420,욕망이라는 이름의 전차,0
421,에덴의 동쪽,8.38
422,기타가 웃는다,8.89
423,백경,0
424,바다,8.24
425,오즈의 마법사,5.13
426,노틀담의 꼽추,0
427,엘 시드,0
428,내가 마지막 본 파리,0
429,빌리 엘리어트,0
430,짐승의 끝,6.30
431,사랑하고 싶은 시간,6.57
432,알라마르,0
433,80일간의 세계 일주,0
434,클로즈드 노트,0
435,뮤직 네버 스탑,9.01
436,러브 미 텐더,0.00
437,S 중독자의 고백,0
438,에일리언 비키니,4.49
439,닥터 지바고,0
440,벤허,7.00
441,닷핵퀀텀 : 숨겨진 몬스터의 비밀,8.48
442,효녀 심청,0
443,작은 아씨들,0
444,엘리트 스쿼드 2,8.89
445,잃어버린 마법의 섬 홋타라케,0
446,젊은이의 양지,0
447,요화 배정자,0
448,프루이트 아이고,0.00
449,사랑할 때와 죽을 때,0
450,피서지에서 생긴 일,0
451,브라보! 재즈 라이프,8.52
452,사브리나,0.00
453,이조 여인잔혹사,0
454,초원의 빛,0
455,기러기 아빠,0
456,민며느리,0
457,로맨스 빠빠,0
458,오만과 편견,0
459,꿈의 공장,7.57
460,왠 유어 스트레인지,0
461,영광의 길,0
462,안나 카레니나,0
463,레 미제라블,5.33
464,완벽한 파트너-감독판,0
465,솔로몬과 시바의 여왕,0
466,떠날 때는 말없이,0
467,링크,6.42
468,미워도 다시 한번,0
469,젊은 사자들,0
470,콰이강의 다리,0
471,상록수,0
472,마부,0.00
473,우묵배미의 사랑,0
474,숨,7.08
475,악인은 너무 많다,6.12
476,무기여 잘 있거라,0
477,친정어머니,0
478,장한몽,0
479,육체의 약속,0
480,아나스타샤,0
481,코알라 키드 : 영웅의 탄생,0
482,얼굴이 아니고 마음입니다,0
483,접시꽃 당신,0
484,어이그 저 귓것,0
485,불꽃,8.70
486,벙어리 삼룡이,0
487,내 마음의 풍금,0
488,서부 전선 이상 없다,0
489,애심,0
490,자전거 탄 소년,8.58
491,여자의 일생,0
492,환타스틱 모던가야그머,8.26
493,서태지밴드 라이브 투어,9.70
494,겨울냄새,8.65
495,아름다운 유산,5.43
496,OK 목장의 결투,0
497,심장이 뛰네,7.37
498,7년만의 외출,0
499,게이샤,0
500,5인의 해병,0
501,울트라 미라클 러브 스토리,0
502,다정불심,0
503,장마,0
504,멋진 인생,4.52
505,마징카이저,6.53
506,2011칸라이언즈수상작B편,0.00
507,쇼처럼 즐거운 인생은 없다,0
508,"양 한 마리, 양 두 마리",0
509,꼭 껴안고 눈물 핑,0
510,가을비 우산속에,0
511,천년호,0
512,퀸 락 몬트리올,0
513,금지된 장난,0
514,을화,0
515,꿈,8.60
516,남과 북,0
517,토마스와 친구들 - 극장판 2,0
518,바흐 이전의 침묵,0
519,눈물의 여인,0
520,옥희의 영화,8.09
521,[SIAFF]인사이드 피아노+죽은 자의 정원: 카를로 스카르파,0
522,여인잔혹사 물레야 물레야,0
523,씨네 21 영화토크쇼,0
524,상처뿐인 영광,0
525,술에 대하여 - 극장판,8.67
526,사랑방 손님과 어머니,0
527,역마차,0
528,댄스타운,7.44
529,시리어스 맨,0
530,애수,0
531,센티미엔토: 사랑의 감각,0
532,엄마는 창녀다,5.55
533,겨울나비,8.02
534,내시,0
535,로프트,6.97
536,영광의 탈출,0
537,케빈에 대하여,8.34
538,셜록 홈즈,8.00
539,붉은 바캉스 검은 웨딩,4.84
540,비트윈 숏 앤 숏,0
541,어느날 밤에 생긴 일,0
542,일트로바토레,0
543,코만도,0.00
544,유혹,0.00
545,잔다르크,0
546,마마 고고,7.76
547,"[마에스트로 6] 갈라 프럼 베를린 2009 ""송년음악회""",0
548,스파이 파파,6.96
549,짐승,3.00
550,꽃네,0
551,죽음보다 깊은 잠,0
552,나의 계곡은 푸르렀다,0
553,CINDI2011_서프라이즈,0
554,브로큰 러브송,5.21
555,뷰티풀 엑스,6.68
556,십오야,0
557,나나나 : 여배우 민낯 프로젝트,6.70
558,하비의 마지막 로맨스,0
559,소나기,0.00
560,타우리스의 이피게네이아(뉴욕메트로폴리탄오페라),0
561,실록 김두한,0
562,엉클 분미,7.61
563,바람불어 좋은 날,7.93
564,람메르무어의 루치아,0
565,모차르트 타운,0
566,백사부인,0
567,밴디지,6.91
568,베리드,7.50
569,십년세도(十年勢道),0
570,미래는 고양이처럼,7.25
571,인 마이 슬립,0
572,자전거 도둑,0
573,아비정전,0
574,살아있는 야생탐험,0
575,어깨 위의 나비,7.67
576,인비져블 2: 귀신소리찾기,7.03
577,와일드 타겟,7.65
578,붉은 살의,0
579,물 없는 바다,0
580,저 언덕을 넘어서,0
581,이고르와 귀여운 몬스터 이바,0
582,세 번째 사랑,8.16
583,"나무, 시장, 메디아테크",0
584,지골라,5.82
585,(SIFF2011)개막식-개막작,0
586,(SIFF2011)개막식,0
587,몬티 파이튼의 성배,0
588,베니스에서의 죽음,0
589,[SIAFF]요른 웃존의 시드니오페라하우스+100명의 여성 건축사: 라이트 스튜디오,0
590,카사블랑카,0.00
591,고모라,0
592,[마에스트로 6] 루체른 부활절 페스티발 2007,0
593,하쿠나 마타타 - 지라니 이야기,7.31
594,현기증,0.00
595,녹색광선,0
596,극장판 전국 바사라,6.29
597,미친 개들,0
598,꽁치의 맛,0
599,정글피쉬2,8.26
600,돈 파스콸레(뉴욕메트로폴리탄오페라),0
601,동자 대소동,6.50
602,SIFF2011-단편경쟁2,0
603,제10회 미쟝센 단편영화제-희극지왕 2,0
604,하트 비트,0.00
605,보라,0.00
606,오리백작(뉴욕메트로폴리탄오페라),0
607,라인의 황금,0
608,레네트와 미라벨의 네가지 모험,0
609,제10회 미쟝센 단편영화제-비정성시 1,0
610,2008 서태지 심포니 위드 톨가 카쉬프 로열필하모닉,0
611,타임코드,0
612,Jam Docu 강정,4.84
613,안경,9.80
614,돈 카를로(뉴욕메트로폴리탄오페라),0
615,제10회 미쟝센 단편영화제-사랑에 관한 짧은 필름 3,0
616,더 콘서트,9.54
617,수쥬,0
618,치코와 리타,8.60
619,캔사스 시티,0
620,리오 브라보,0
621,닉슨인 차이나(뉴욕메트로폴리탄오페라),0
622,스틸라이프,0.00
623,앙젤리카의 이상한 사례,6.78
624,카를로스,10.00
625,레퀴엠,5.92
626,제10회 미쟝센 단편영화제-4만번의 구타 2,0
627,지옥의 묵시록 리덕스,0
628,유토피아 런던,0.00
629,숏컷,0.00
630,일주일+이웃+일렉트릭 하우스,0
631,밴드 명: 올 댓 아이 러브,0
632,앨빈과 슈퍼밴드,8.40
633,위도,4.32
634,제10회 미쟝센 단편영화제-사랑에 관한 짧은 필름 2,0
635,필름 소셜리즘,6.93
636,A section,0
637,음악으로 통한다 2011-재즈싱어공연+앙드레 마티유,0
638,B section,0
639,제10회 미쟝센 단편영화제-4만번의 구타 1,0
640,독도 korea,7.00
641,[마에스트로 6] 유로피안 콘서트 2010 프럼 옥스포드,0
642,C section,0
643,혹성탈출,8.77
644,디어헌터,0
645,제10회 미쟝센 단편영화제-사랑에 관한 짧은 필름 1,0
646,하나 그리고 둘,0
647,쉬즈 더 원 2,8.33
648,슈렉 포에버,8.03
649,카모메 식당,0
650,신사는 금발을 좋아해,0
651,첫사랑,9.00
652,"킬, 베이비... 킬!",0
653,제10회 미쟝센 단편영화제-절대악몽 1,0
654,겟어웨이 - 끝없는 도주,0
655,출판사 애니메이션,0
656,디어 한나,8.13
657,제10회 미쟝센 단편영화제-희극지왕 1,0
658,촌철살인,7.00
659,아버지를 위한 노래,7.97
660,흉터,6.39
661,제10회 미쟝센 단편영화제-절대악몽 3,0
662,하얀리본,0
663,동경의 황혼,0
664,AISFF2011-감독열전,0
665,맥추,0
666,강화도령,0
667,발퀴레,0
668,저주받은 자들,0
669,시,8.45
670,순수한 사람들,0
671,새,9.78
672,박제사,0
673,문학소녀 Memoir,10.00
674,서부의 아가씨,0
675,잭애스 3D,7.42
676,오차즈케의 맛,0
677,만춘,0
678,봄날은 간다,0
679,핑크,4.92
680,싸이코,0.00
681,혐오,0
682,"지금, 만나러 갑니다",0
683,모드 집에서의 하룻밤,0
684,카르멘이란 이름,0
685,루드비히,0
686,[SIAFF]빌딩 173+메구니카,0
687,레오파드,0.00
688,제10회 미쟝센 단편영화제-비정성시 2,0
689,자스민 우먼,0
690,제10회 미쟝센 단편영화제-비정성시 4,0
691,부운,0
692,[마에스트로 6] 유로피안 콘서트 2009 프럼 나폴리,0
693,마이 백 페이지,7.77
694,아름다운 결혼,0
695,블러드 베이,0
696,하하하,0
697,흐트러지다,0
698,죽이러 갑니다,0
699,그린피스 단편 + 영원한 봉인,0
700,바이올렛의 취향,4.00
701,그린피스 단편 + 기후변화 단편 + 태양광 택시로 세계일주를,0
702,원스 어폰 어 타임 인 아메리카,0
703,파리의 도둑고양이,8.63
704,두라라 승진기,6.38
705,밍크코트,8.32
706,그 남자가 아내에게,0
707,암흑가의 세 사람,0
708,브리가둔,0
709,카프리치오(뉴욕메트로폴리탄오페라),0
710,보스턴 교살자,0
711,카무이 외전,0
712,중경삼림,0
713,조금만 더 가까이,6.77
714,아저씨,0.00
715,보리스 고두노프,0
716,가을 햇살,0
717,완전한 가족,5.50
718,북극의 제왕,0
719,바토리,0
720,[음악영화제]-스콧 필그림 Vs. 더 월드,0
721,천국의 문,0.00
722,무간도,0
723,우리는 여기에 있었다,0.00
724,줄탁동시,6.75
725,흐트러진 구름,0
726,남극의 쉐프,0
727,미요코,0
728,제10회 미쟝센 단편영화제-절대악몽 2,0
729,도리안 그레이,0
730,겨울 이야기,4.50
731,갈매기,6.67
732,언더월드2 - 에볼루션,0
733,너무 많은 것을 안 여자,0
734,이유없는 반항,0
735,하데비치,0
736,[마에스트로 6] 평양 콘서트,0
737,51구역,2.61
738,리피피,0
739,기적의 오케스트라 - 엘 시스테마,0
740,천국은 기다려준다,0
741,아무도 모른다,0
742,"[마에스트로 6] 루체른 페스티발 2008 “러시아나이트""",0
743,관음산,8.10
744,원스,7.15
745,지구의 아이들 단편 모음 4,0
746,악마가 너의 죽음을 알기전에,0
747,내쉬빌,0
748,토끼굴/ 장편 section,0
749,나는 나비,0
750,북호텔,0
751,AISFF2011- 3.11 센스 오브 홈 필름즈,0
752,여자가 계단을 오를 때,0
753,CINDI 올나잇,0
754,레즈비언팩토리+단편 1,0
755,괴물들이 사는 나라,0.00
756,백서+단편 2,0
757,원스 어폰 어 타임 인 아나톨리아,7.06
758,소일렌트 그린,0
759,환상극장,5.63
760,아프리카 - 물의 전쟁,0
761,위대한 앰버슨가,0
762,SIFF2011-폐막식,0
763,어머니의 백 번째 가을날,9.50
764,뽀로로,7.75
765,온 투어,0.00
766,안녕하세요,8.38
767,제10회 미쟝센 단편영화제-비정성시 3,0
768,"리벤지, 미친 사랑 이야기",6.84
769,그남자는 거기 없었다,0
770,플레이어,9.84
771,몽골,0.00
772,디아볼릭,0
773,캣 피플,0
774,비밀일기,8.88
775,스물 아홉살,7.68
776,이어 오브 드래곤,0
777,만다라,0
778,할 수 있는 자가 구하라: 인생,0
779,돌아오는 길,6.80
780,물속의 칼,0
781,나의 아저씨,0
782,자브리스키 포인트,0
783,뮤리엘,0
784,8월의 크리스마스,0
785,피안화,0
786,6회 이주민영화제_꿈꾸는 사람들 2,0
787,파리지엥을 팝니다 + 배불뚝이 + 당신의 아침식사 + 트럭 농장,0
788,궁지,0
789,모퉁이 가게,0
790,방랑기,9.33
791,세계 환경영화의 흐름 단편 모음 2,0
792,엘리펀트,7.63
793,꿍따리 유랑단,8.60
794,아무르,0.00
795,어셔가의 몰락,0
796,AISFF2011-트래블링 쇼츠 인 저팬,0
797,지브리 창작의 비밀: 미야자키 하야오와 신인감독 갈등의 400일,0
798,제10회 미쟝센 단편영화제-World Shorts Festival 1,0
799,토니,0.00
800,헤드윅,0
801,보리밭을 흔드는 바람,0
802,레드마리아,7.66
803,아웃사이드 사탄,8.33
804,싱글맨,0.00
805,사샤,7.60
806,6회 이주민영화제_다문화 여성의 꿈,0
807,6회 이주민영화제_꿈꾸는 이의 시선,0
808,6회 이주민영화제_꿈꾸는 사람들 1,0
809,오르페브르의 부두,0
810,4월 단편 상상극장 - 별이 빛나는 밤에,0
811,제10회 미쟝센 단편영화제-World Shorts Festival 2,0
812,인디포럼2011-단편7,0
813,체인지 어드레스,0
814,매치 포인트,0
815,PISAF2011-구름빵,0
816,블랙 사바스,0.00
817,비기닝,5.40
818,마이 페어 레이디,0
819,저승과 진자,0
820,내부의 상처+로트링겐,0
821,고스포드 파크,0
822,아르마딜로,7.83
823,투 올드 힙합 키드,9.07
824,메리 크리스마스,0
825,AISFF2011-트래블링 쇼츠 인 코리아,0
826,작별들,8.00
827,재앙의 묵시록,0.00
828,인생유전,0
829,말할 수 없는 비밀,0
830,네파리우스,10.00
831,망향,0
832,대도적,0
833,AISFF2011-국제경쟁 6,0
834,아무 것도 바꾸지 마라,0
835,6호실,0
836,증오,8.09
837,피아니스트,8.50
838,소준문 감독 특별전,0
839,인간 야수,0
840,공주와 개구리,0
841,인디애니페스트2011-국내스페셜-집,0
842,축제일,0
843,매드하우스 베이징 로큰롤,3.50
844,볼로뉴 숲의 여인들,0
845,2011부산국제단편영화제-세르쥬 아베디키안 감독 특별전,0
846,동물과 함께 사는 세상 단편 모음 2,0
847,랍비의 고양이 3D,0
848,십자군 카바레,0
849,U.F.O.,6.12
850,누나,8.71
851,강박충동,0
852,로코와 그의 형제들,0
853,24 시티,0
854,트와일라잇,7.02
855,돈,7.74
856,마이코 한!!!,0
857,AISFF2011-국제경쟁 7,0
858,워돈돈 - 전범의 기준,0.00
859,로맨스 조,8.19
860,낙원은 서쪽이다,0
861,마담 보봐리,0
862,꿈을 꾸다,0
863,롤라 몽테스,0
864,이별,9.28
865,제10회 미쟝센 단편영화제-심야의 절대구타,0
866,테이킹 우드스탁,0
867,바다사자를 찾아서,6.20
868,피닉스,6.33
869,연연풍진,0
870,헝거,0
871,주말,9.67
872,밀월도 가는 길,8.85
873,"독도야, 반갑다",8.59
874,더 스토닝,0
875,매드맥스,0
876,간증,7.61
877,환상의 빛,0
878,환호성,4.67
879,블랙비너스,0
880,뉴 문,0
881,"[제5회 여성인권영화제, 피움 2011]피움 줌 인1",0
882,쾌락,3.93
883,타락천사,0.00
884,이클립스,0.00
885,번개,8.00
886,SIFF2011-단편경쟁9,0
887,프렌치 캉캉,0
888,히트,3.58
889,형사 Duelist,0
890,소울 서퍼,9.29
891,마린 스토리,9.00
892,클래스,9.05
893,8월의 달을 위한 다섯 인형들,0
894,익사에서 구조된 부뒤,0
895,리틀 제이콥+듀오,0
896,고공비행,0
897,X-레이맨,0
898,인디애니페스트2011-독립보행1,0
899,브로크백 마운틴,0
900,릴링턴 가의 살인,0
901,천상의 길 차마고도 극장판,0
902,나의 즐거운 일기,0
903,사랑에 대한 모든 것,7.00
904,모르몬 발의안 8,9.00
905,비웨어 오브 크리스찬,0.00
906,예언자,0
907,사탄의 가면,0
908,로봇,7.78
909,현금에 손대지 마라,0
910,우주쇼에 어서오세요,7.94
911,산타클로스는 파란 눈을 지녔다,0
912,옛날옛적에 월트 디즈니는: 디즈니 미술의 원천,0
913,20년 전의 약속,5.50
914,인디다큐페스티발2011-국내신작전13,0
915,아이즈 와이드 오픈,0.00
916,웰컴 투 마이 하트,8.29
917,무셰트,0
918,산의 소리,0
919,5x2,0
920,"[제5회 여성인권영화제, 피움 2011]여전히 아무도 모른다1",0
921,산 파블로,0
922,브로큰 임브레이스,0
923,피로,7.50
924,SIFF2011-단편초청 2 내 멋대로 해라,0
925,어머니,8.78
926,인디애니페스트2011-독립보행2,0
927,레인보우,8.03
928,인어할머니와 선장,9.88
929,메란타우,0
930,AISFF2011-국제경쟁 2,0
931,프랑켄슈타인의 저주,0
932,흐르다,0
933,데스 드라이브,0
934,엑시던트,10.00
935,인디포럼2011-단편5,0
936,저스트 비트윈 어스,5.29
937,2011 최강임팩트1,0
938,AISFF2011-국제경쟁 1,0
939,2011 GSFF-단편 경쟁 3,0
940,벨리시마,0
941,13인의 자객,7.52
942,SIFF2011-단편초청 1 그녀들,0
943,아내여 장미처럼,0
944,빌로바 개발 소동,0
945,웨이스트 랜드,0.00
946,2011 최강임팩트2,0
947,드라큘라,0
948,절름발이 악마,0
949,열두살 샘,8.88
950,메신저 2,0
951,지붕 위의 바이올린,0
952,제10회 미쟝센 단편영화제-MSFF Choice 2002-2010 2,0
953,프로젝트 님,9.12
954,인디다큐페스티발2011-국내신작전16,0
955,호드,0
956,2011 최강패밀리3,0
957,당신을 오랫동안 사랑했어요,0
958,(스페셜톡)2011년 영화 결산,0
959,라탈랑트,0
960,도쿄타워,0
961,두목은 죽었다,0
962,12월 단편 상상극장-Happy 'New Queer',0
963,"[제5회 여성인권영화제, 피움 2011]경쟁부문2",0
964,트루 저스티스,6.00
965,2011 최강임팩트3,0
966,와이키키 브라더스,0
967,어둠속의 댄서,0
968,길 위에서,10.00
969,잃어버린 천국,0
970,SIFF2011-단편경쟁6,0
971,"[제5회 여성인권영화제, 피움 2011]경쟁부문3",0
972,오만과 편견,0
973,울타리 전쟁+땅에 전하는 수상한 소문,0
974,"제10회 미쟝센 단편영화제-김종관, 낙원을 기다린다",0
975,돌고래 소년,0.00
976,2011부산국제단편영화제-섹션5,0
977,2011부산국제단편영화제-섹션1,0
978,바론 블러드,0
979,정복자 독두꺼비 (3D),0
980,히든,8.10
981,선라이즈,0
982,인디다큐페스티발2011-국내신작전15,0
983,극장판 기동전사 건담 더블오,8.37
984,바이킹,9.50
985,뱀가죽 옷을 입은 사나이,0
986,레즈,6.80
987,AISFF2011-국제경쟁 4,0
988,너무 밝히는 소녀 알마,7.07
989,인디포럼2011-단편1,0
990,난폭한 토요일,0
991,인정사정 볼 것 없다,0
992,서풍렬,4.59
993,나인 송즈,0
994,할매꽃,0
995,잠자는 숲속의 미녀,3.79
996,행복의 향기,0
997,사냥꾼의 밤,8.02
998,로마의 여름,0
999,AISFF2011-국제경쟁 5,0
1000,의식,0.00
1001,"다시 태어나고 싶어요, 안양에",7.80
1002,딥 인 더 밸리,0
1003,소걸아: 취권의 창시자,6.37
1004,용산,5.22
1005,마이 스윗 홈 - 국가는 폭력이다,5.00
1006,내 이름은 튜니티,0
1007,친구 - 나는 행복하다2,0
1008,이상한 빅토르 씨,0
1009,투게더,7.29
1010,오누이,0
1011,엄마,8.19
1012,포 타임스 댓 나이트,0
1013,거미의 계략,0
1014,인디피크닉2011,0
1015,화니와 알렉산더,0
1016,브레이킹 더 웨이브,0
1017,노라 없는 5일,0
1018,"수선화 + 소굴 + 이상,한가역반응",0
1019,세계,7.11
1020,인디포럼2011-단편6,0
1021,만국,0
1022,집,8.01
1023,아웃레이지,0.00
1024,두 여자,9.00
1025,인디애니페스트 2010_한국,0
1026,제10회 미쟝센 단편영화제-10년간 하하호호 1,0
1027,지옥에서 온 프랑켄슈타인과 괴물,0
1028,실물보다 큰,0
1029,스무살의 침대,0
1030,밀크,4.91
1031,무용,0
1032,오픈 그래이브스,0
1033,작전규정,0
1034,인디포럼2011-단편2,0
1035,보바리 부인,0
1036,고양이를 부탁해,0
1037,2011 GSFF-단편 경쟁 4,0
1038,두 개의 문,5.19
1039,인디애니페스트2011-새벽비행1,0
1040,"[제5회 여성인권영화제, 피움 2011]일상과 투쟁의 나날들2",0
1041,카르포 단편 1970-72,0
1042,무슈 클라인,0
1043,바다의 침묵,0
1044,"지금, 이대로가 좋아요",0
1045,팔레르모 슈팅,0
1046,베짱이,0
1047,두더지,7.96
1048,진실 - 관타나모에서의 4일,0.00
1049,3xFTM,0
1050,(SESIFF2011)국제DSLR경쟁부문1,0
1051,말하는 건축가,9.01
1052,제10회 미쟝센 단편영화제-10년간 사랑해 1,0
1053,렛 미 인,0.00
1054,한일단편애니메이션열전-임팩트1,0
1055,인디포럼2011-단편4,0
1056,인디다큐페스티발2011-국내신작전11,0
1057,인디다큐페스티발2011-올해의 초점2-2,0
1058,단탈리안의 서가,0.00
1059,여름의 빛,0
1060,서서 자는 나무,7.72
1061,룰루,0
1062,CINDI 스마트,0
1063,미국의 바람과 불,5.44
1064,이민자들의 땅,9.70
1065,빛을 향한 노스탤지어,8.50
1066,심도,3.00
1067,제국의 전쟁,2.66
1068,SIFF2011-단편경쟁4,0
1069,고스트 + 퍼플맨 + 불멸의 사나이 + 폭력의 미학,0
1070,2011부산국제단편영화제-섹션6,0
1071,방자전,9.00
1072,벨벳 골드마인,0
1073,라스트 런,0
1074,"[제5회 여성인권영화제, 피움 2011]피움 줌 아웃1",0
1075,유령작가,7.11
1076,오션스,0
1077,콰트로 홍콩 2 +,0
1078,스윙 타임,0
1079,캐릭터,4.29
1080,제10회 미쟝센 단편영화제-10년간의 시선 1,0
1081,2011 GSFF-단편 경쟁 2,0
1082,나는 공무원이다,6.13
1083,웨이크 우드,5.96
1084,죽음을 부르는 소녀 + 로만의 방주 + 에덴의 종말,0
1085,컷,8.31
1086,쓰리 타임즈,0
1087,프레리 홈 컴패니언,0
1088,미 앤 유 앤 에브리원,0
1089,러브 송,9.34
1090,파리에서의 마지막 탱고,0
1091,품행제로,0
1092,SICAF2011_경쟁단편_일반4,0
1093,폰티풀,0
1094,은혜의 빛,7.87
1095,제10회 미쟝센 단편영화제-10년간의 시선 2,0
1096,사랑은 음악처럼,0
1097,밀리언 달러 베이비,0
1098,도노마,0.00
1099,이토록 뜨거운 순간,0
1100,인디애니페스트2011-무지개극장,0
1101,쉘 위 키스,0
1102,하얀 나비,0
1103,인디애니페스트2011-새벽비행2,0
1104,사랑의 여왕,0
1105,나폴리의 결혼 사진가,0
1106,드라큘라의 신부들,0
1107,이방인들,7.76
1108,더 차일드,0.00
1109,플래닛 51,0
1110,촌마게 푸딩,8.38
1111,늑대인간의 저주,0
1112,굿바이 홈런,8.71
1113,"[제5회 여성인권영화제, 피움 2011]경쟁부문1",0
1114,SIFF2011-심야상영,0
1115,인디포럼2011-단편3,0
1116,탈주한 하사,0
1117,로이 콜트와 윈체스터 잭,0
1118,미치광이 삐에로,0
1119,이상한 드라마,0
1120,AISFF2011-국제경쟁 8,0
1121,2011 최강애니 - AYACC 수상작 초청전,0
1122,2011 GSFF-단편 경쟁 1,0
1123,제10회 미쟝센 단편영화제-각양각색 배우열전 1,0
1124,실락원,8.50
1125,시그래프아시아 2010 ET,8.00
1126,분노의 포도,0
1127,부기맨 3,0
1128,아이들+파수꾼,0
1129,쑨 쉰 초대전,0
1130,솜브르,0
1131,철 지난 꽃,0
1132,하녀,0.00
1133,2011 최강감독열전- 라오 하이드메츠 감독전,0
1134,황산벌,0
1135,나의 마지막 정부,0
1136,눈물의 왕자,0
1137,"잘 지내니, 루돌프?",9.60
1138,여자 이야기,0.00
1139,SIFF2011-단편경쟁5,0
1140,소름,0
1141,잘 알지도 못하면서,0
1142,인디포럼2011-폐막식,0
1143,2011부산국제단편영화제-섹션2,0
1144,2011부산국제단편영화제-섹션8,0
1145,낙원에서 온 엽서 + 레오니드 이야기 + 구강의 투사들,0
1146,건당위업,4.97
1147,가시,8.82
1148,2011년 2월 단편 상상극장 -  민용근 감독 단편 모음,0
1149,CINDI2011_폐막식,0
1150,라 비 앙 로즈,0
1151,김복남 살인사건의 전말,8.77
1152,공포의 변호사,0
1153,미이라의 복수,0
1154,나폴리 나폴리 나폴리,0.00
1155,SIFF2011-단편경쟁7,0
1156,"빗자루, 금붕어 되다",0
1157,100년 동안의 히틀러,0
1158,손님들,9.41
1159,SIFF2011-단편경쟁8,0
1160,스트리트 파이터 - 춘리의 전설,0
1161,페스티발,0.00
1162,더 도어,10.00
1163,"잊혀진 상처+불편한 시선, 불편한 진실+학생 여기 와서 이 영화 좀 보고가",0
1164,코이노니아1,0
1165,검은 천사,0
1166,원더풀타운,0
1167,플라잉 피쉬,7.00
1168,리버티 밸런스를 쏜 사나이,0
1169,벡,6.81
1170,부산국제어린이영화제-작은나래모음(5),0
1171,8월 단편 상상극장 - 팔월에 눈 내리는 극장,0
1172,당신과 나의 전쟁,9.09
1173,은실이,8.21
1174,가져선 안될 비밀,0
1175,시그라프 2010 베스트,0
1176,일 디보,0
1177,스몰 타임 크룩스,0
1178,2011 최강마니아1,0
1179,휴머니티,0.00
1180,무간도2 - 혼돈의 시대,0
1181,공기인형,0
1182,부산국제어린이영화제-작은 나래모음(3),0
1183,2011 GSFF-중편 초청 2,0
1184,뉴타운 컬쳐 파티,7.75
1185,영 빅토리아,0
1186,버터플라이,0.00
1187,10월 단편 상상극장 - 제5회 대단한 단편영화제 수상작 모음,0
1188,초콜릿 고마워,0
1189,돈 조반니,0
1190,스카이 크롤러,0
1191,세컨즈 어파트,5.90
1192,제10회 미쟝센 단편영화제-MSFF Choice 2002-2010 3,0
1193,제10회 미쟝센 단편영화제-윤혜렴을 위하여,0
1194,시카프초이스 3 금지된 장난,0
1195,캐리그마+168 project,0
1196,리버풀의 골키퍼,0
1197,[음악영화제]-제네시스와 레이디 제이의 발라드,0
1198,2011부산국제단편영화제-섹션7,0
1199,작은 영웅 데스페로,0
1200,서유기 월광보합,0
1201,창추안마을,0.00
1202,2011 최강마니아3,0
1203,2011 최강임팩트4,0
1204,요나요나 펭귄,0
1205,한일단편애니메이션열전-패밀리1,0
1206,"내 사랑, 세르쥬 갱스부르",0
1207,우리 학교,9.00
1208,반드시 크게 들을 것,0
1209,빛 바랜 인생,0.00
1210,맑스 재장전,0.00
1211,검우강호,7.49
1212,2011 최강마니아2,0
1213,글래스톤베리,0
1214,이소룡전,4.94
1215,브루클린 전투,0.00
1216,192-399: 더불어 사는 집 이야기,0
1217,용호대련,0
1218,굿바이 마이 스마일,8.58
1219,2011년 3월 단편 상상극장,0
1220,지구의 아이들 단편 모음 3,0
1221,제10회 미쟝센 단편영화제-전년도 수상작,0
1222,"제10회 미쟝센 단편영화제-배우 정인기, 결정적 순간(들)",0
1223,[인디포럼 월례비행] 레인보우,0
1224,충전! 세상을 바꾸는 에너지,0.00
1225,인디포럼2011초청2,0
1226,공포분자,0
1227,인디애니페스트2011-파노라마1,0
1228,2011부산국제단편영화제-일본영화제2,0
1229,불청객,5.41
1230,새로운 학교-학생인권 이등변삼각형의 빗변 길이는?,8.50
1231,EPS 2011 - 단편 옴니버스 A,0
1232,레즈비언 정치도전기,0
1233,헤어스프레이,0
1234,노트북,0.00
1235,조치원,0.00
1236,9월 금요단편극장 [당신을 듣다],0
1237,"아이티, 음악의 전사들",0.00
1238,결혼,7.59
1239,제10회 미쟝센 단편영화제-이상근을 원하세요?,0
1240,비싼 교육,7.00
1241,"힙합, 세상은 너의 것",0.00
1242,"[제5회 여성인권영화제, 피움 2011]일상과 투쟁의 나날들3",0
1243,한일단편애니메이션열전-마니아1,0
1244,AISFF2011-국제경쟁 3,0
1245,테러 2000,0
1246,에고마니아,0
1247,SICAF2011 수상작_단편,0
1248,오순도순 공부방,0
1249,괜찮아요 수달씨,7.00
1250,플라스틱 & 유리 앙상블 + 도시 + 올리와 수지의 야생 스케치,0
1251,서유기 선리기연,0
1252,열혈남아,0
1253,건국대업,0
1254,"[제5회 여성인권영화제, 피움 2011]그대 마음과 만나, 피움1",0
1255,2011 최강패밀리1,0
1256,프라카스 장군,0
1257,인디피크닉2011 - 단편패키지3,0
1258,첫사랑,9.00
1259,엠,7.34
1260,제10회 미쟝센 단편영화제-10년간 하하호호 2,0
1261,제10회 미쟝센 단편영화제-서울; 만남의 풍경(들),0
1262,리사와 악마,0
1263,익스트림 3,0
1264,시간을 달리는 소녀,7.62
1265,딥 그린 - 온난화를 막아라!,0.00
1266,혐오스런 마츠코의 일생,0
1267,쉘 위 댄스,0
1268,SICAF2011_경쟁단편_일반3,0
1269,인디포럼 2011-개막식,0
1270,봄베이 비치,10.00
1271,초코초코 대작전,0
1272,인디애니페스트2011-해외스페셜2(일본 인디레이블-카프),0
1273,무간도3 - 종극무간,0
1274,제10회 미쟝센 단편영화제-MSFF Choice 2002-2010 1,0
1275,해적 소굴 잠입기,0.00
1276,두근두근 성호월드 1,0
1277,심플 사이먼,9.35
1278,체르노빌 - 다시 쓰는 자연사,0.00
1279,로큰롤 인생,0
1280,그린피스 단편 + 과라니 브자 대 원자력 발전소 + 핵의 귀환,0
1281,굿모닝 투 더 월드,7.00
1282,트롤 사냥꾼,6.38
1283,아시아에서 여성으로 산다는 것,0
1284,패니 힐,3.91
1285,인디고공장,0
1286,하트 브레이커,7.56
1287,더 리더: 책 읽어주는 남자,0
1288,어느 드러머의 꿈,0
1289,우리 형은 슈퍼히어로,0.00
1290,한국 환경영화의 흐름 단편 모음 1,0
1291,하바나 블루스,0
1292,우리들은 그 노래를 알고 있다,0
1293,우리에게 내일은 없다,0
1294,6월 단편 상상극장,0
1295,스쿠프,0
1296,이어도,8.17
1297,레이스 짜는 여인,0
1298,체브라시카,7.62
1299,SICAF2011_경쟁단편_일반2,0
1300,인디다큐페스티발2011-국내신작전12,0
1301,러브 인 코리아,8.06
1302,러브 어딕션,6.00
1303,"위대한 코끼리, 에코",0.00
1304,한일단편애니메이션열전-임팩트2,0
1305,청계천 메들리,8.00
1306,에브리바디 올라잇,7.55
1307,미후네,0
1308,김정일리아+퍼플맨,0
1309,세르비안 필름,5.80
1310,[EIDF2011]몬테레이 팝,0
1311,탑 햇,0
1312,"트윅슨, 결혼하다",0.00
1313,2011 GSFF-중편 초청 3,0
1314,2011부산국제단편영화제-섹션3,0
1315,아프리카의 쌍둥이타워,0
1316,호우시절,0
1317,셀 211,0
1318,2011부산국제단편영화제-섹션9,0
1319,"신들의 땅, 앙코르",0.00
1320,잠 못 드는 사람들,7.50
1321,초능력자,6.71
1322,지하실의 멜로디,0
1323,황후화,0
1324,키즈 리턴,0
1325,인디다큐페스티발2011-폐막식,0
1326,다른 사람,0.00
1327,인디아,0.00
1328,2011년 2월 금요단편극장,0
1329,11월 단편 상상극장 - 하드보일드 단편선,0
1330,코끼리 옮기기,0.00
1331,9TH SCFF 개막식,0
1332,2011 GSFF-중편 초청 4,0
1333,인디애니페스트2011-독립보행3,0
1334,허니와 클로버,0
1335,미어캣의 모험,0
1336,회오리 바람,0
1337,동동의 소망 + 이누이트의 경고,0
1338,지구의 아이들 단편 모음 6,0
1339,제10회 미쟝센 단편영화제-MSFF Choice 2002-2010 4,0
1340,SICAF2011 수상작_장편,0
1341,이템바,8.33
1342,모래,8.71
1343,제10회 미쟝센 단편영화제-10년간 사랑해 2,0
1344,헐리우드 고전 컬렉션,0
1345,춤추는 동물원,0
1346,춤추는 대뉴욕,0
1347,여행자,10.00
1348,노인을 위한 나라는 없다,0
1349,라이방,0
1350,나 일지도 모르는 사람들,0
1351,코이노니아2,0
1352,달팽이의 별,0
1353,워터 핸드,0.00
1354,원스+플레이 특별상영,0
1355,쿠키,0.00
1356,미싱 : 심해미인,0
1357,제10회 미쟝센 단편영화제-폐막식,0
1358,나의 숲을 지켜 줘 + 불모의 땅 + 아마존은 살아있다 - 3부 숲과 미래,0
1359,산토 스테파노의 목가 + 행복의 경제학,0
1360,소라닌,8.41
1361,소명 2-모겐족의 월드컵,8.61
1362,야곱 신부의 편지,0
1363,려수,7.18
1364,논짱 도시락,0
1365,SIFF2011-단편경쟁1,0
1366,훔친 키스,0
1367,로스트 인 아프리카,0.00
1368,성,7.21
1369,두근두근 성호월드 3,0
1370,오리온,5.00
1371,2011 GSFF-중편 초청 1,0
1372,랑카스 이야기,0.00
1373,은밀한 기쁨,0
1374,소리 없는 여행,10.00
1375,그랑지 호텔,0.00
1376,어톤먼트,0
1377,웨스트 이즈 웨스트,8.00
1378,SICAF2011_경쟁단편_일반5,0
1379,이토 유이치의 클레이메이션,0
1380,영원,8.04
1381,마라톤 보이,9.33
1382,도시라는 유토피아 + 세자르씨의 폐종이 공작실 + 내 텃밭을 소개합니다,0
1383,2011년 1월 단편 상상극장 - 더 비기닝,0
1384,7월 단편 상상극장 - 인비져블:미스터리 극장,0
1385,야만의 무기,10.00
1386,"장 마리 스트라우브, 다니엘 위에 단편모음",0
1387,2011부산국제단편영화제-좋다카이(부산감독특별전),0
1388,죽음 만세,0
1389,사랑한다면 이들처럼,9.50
1390,파이프,0.00
1391,사랑할 수 없는 시간,9.50
1392,독일 전기톱 살인사건,0
1393,"선거, 일본의 경우2",0.00
1394,"나눔의 미학+아버지의 초상+안네, 날다+두렵지않아",0
1395,허트 로커,0
1396,돌아온 크로커다일,0.00
1397,[도시섹션l 성인을 위한 단편 애니메이션],0
1398,인디다큐페스티발2011-국내신작전14,0
1399,만약 나무가 쓰러지면: 지구 해방 전선 이야기,10.00
1400,저항의 문화,9.00
1401,2011 GSFF-감독 특별전 : 연상호,0
1402,SICAF2011_경쟁단편_학생4,0
1403,우디 앨런의 애니씽 엘스,0
1404,크랙,4.25
1405,인디애니페스트2011-파노라마2,0
1406,우리들의 학교,9.97
1407,마녀의 관,0
1408,언노운 우먼,0.00
1409,보이지 않는 현,7.50
1410,2011부산국제단편영화제-일본영화제1,0
1411,"[제5회 여성인권영화제, 피움 2011]심야상영",0
1412,인디다큐페스티발2011-국내신작전17,0
1413,더 메이든 댄스드 투 데쓰,1.00
1414,빛나는 모든 것,10.00
1415,버섯,8.50
1416,손님1 첫번째 이야기,5.41
1417,태권이란소녀,0
1418,2011부산국제단편영화제-영화학교초청섹션3,0
1419,열정의 록큰롤,0
1420,인디피크닉2011 - 단편패키지1,0
1421,사랑노래,5.21
1422,달빛 아래에서,10.00
1423,다이아나,0
1424,감독실격,0.00
1425,AISFF2011-시상식 + 국제경쟁 수상작 상영,0
1426,콩고,2.79
1427,"[제5회 여성인권영화제, 피움 2011]일상과 투쟁의 나날들1",0
1428,제10회 미쟝센 단편영화제-개막식,0
1429,반짝이는 순간들-1,0
1430,감옥과 천국,3.00
1431,그곳에 섬이 있었다,0
1432,황야의 결투,0
1433,제노바,0
1434,거짓의,0
1435,마지막 군단,0
1436,(SESIFF2011)국제경쟁부문2-드라마,0
1437,부송,5.00
1438,룸피니,6.00
1439,발칙한 시선 1부 - 청소년1,0
1440,홈 스위트 홈,6.59
1441,여학생으로 살아남는 법,0.00
1442,어떤 방문,0
1443,하녀와 주인,7.00
1444,마더,0.00
1445,"5월 단편 상상극장 - 때때로, 어린이",0
1446,"[제5회 여성인권영화제, 피움 2011]폐막작:경쟁부문 수상작+폐막식",0
1447,장비고+ 발터루트만 단편모음,0
1448,시카프초이스 2 괴물들이 사는 나라,0
1449,제10회 미쟝센 단편영화제-각양각색 배우열전 2,0
1450,땅의 여자,0
1451,무사,7.62
1452,시몬느 베이유를 만나다,0.00
1453,(SESIFF2011)국제DSLR경쟁부문2,0
1454,(SESIFF2011)국제경쟁부문1-드라마,0
1455,인디애니페스트2011-해외스페셜1(빌 플림턴의 모험),0
1456,크라임 애프터 크라임,0.00
1457,"세헤라자드, 텔 미 어 스토리",0
1458,플레이타임,0.00
1459,엘리노의 비밀,0
1460,겨울방학,8.20
1461,칼라스 포에버,0
1462,지구,4.87
1463,파코와 마법 동화책,0
1464,플라스틱 행성,0
1465,카와모토 키하치로 회고전 2,0
1466,프로젝트: 행복을 찾아서,0.00
1467,2011 GSFF-단편 콜라보레이션전,0
1468,드래곤슬레이어,0.00
1469,[무지개시간 섹션l 가족 모두를 위한 단편 애니메이션],0
1470,태양없이,0
1471,이파네마 소년,8.36
1472,여배우들에 관한 모든 것,7.00
1473,인 더 콜드 콜드 나잇 (In the Cold Cold Night),10.00
1474,로맨스,7.53
1475,타운십 스토리,7.00
1476,약한 자들의 음모,0
1477,SICAF2011_경쟁단편_학생3,0
1478,"군나르, 신을 찾아가다",0.00
1479,블랙,6.86
1480,맘모스,0.00
1481,"땡큐, 마스터 킴",0
1482,부에노스 아이레스 탱고 카페,0
1483,"나의 숲을 지켜 줘 + 지구생존, 사막에서 길을 찾다",0
1484,스파이(들),0
1485,양효주 감독을 만나다-코리언 아방가르드,0
1486,[EIDF2011]펠란케의 사람들+잔인한 계절,0
1487,"나의 사랑, 나의 신부",0
1488,가을이야기,0
1489,클린,0.00
1490,논두렁 댄디,7.00
1491,테러리스트들,10.00
1492,나를 보는 두 가지 방법+철새(귀소본능)+고삼,0
1493,광부들,0.00
1494,마지막 밤나무,5.00
1495,리틀 보이스,9.75
1496,월드 클래스 키즈,9.50
1497,[EIDF2011]비바 마리아+사운드 라이트 레볼루션,0
1498,인디포럼2011단편초청,0
1499,GFFIS-시상식 및 수상작 상영,0
1500,방독피,3.00
1501,파이널 데스티네이션 4,0
1502,보이 A,0.00
1503,11월 금요단편극장 [채은 삼색_배우 이채은을 만나다],0
1504,자유의 환영/자유의 환상,0
1505,인디애니페스트2011-개막작 섹션,0
1506,호치민 루트 +하노이 천변풍경,0
1507,인디애니페스트2011-해외스페셜3(이탈리아의 시선-애니마지오니),0
1508,2011 GSFF-감독 특별전 : 강진아,0
1509,SIFF2011-깜짝상영,0
1510,이웃집 좀비,0
1511,하모니,0.00
1512,한국 환경영화의 흐름 단편 모음 2,0
1513,2011부산국제단편영화제-영화학교초청섹션2,0
1514,SICAF2011_경쟁 커미션드,0
1515,행복한 작은 새,0
1516,술자리다큐,8.00
1517,와이드앵글 단편영화 4편,0
1518,데들리 크로싱,4.61
1519,나쁜 교육,8.75
1520,똥파리,0
1521,도쿄택시,0
1522,SICAF2011_경쟁 TV1,0
1523,"2010년 시네프랑스 7, 8월",0
1524,리미츠 오브 컨트롤,0
1525,범죄의 군대,0
1526,시카프초이스 1 그녀에게,0
1527,SICAF2011_경쟁단편_학생2,0
1528,뭘 또 그렇게까지,0
1529,12월 금요단편극장 [2011년을 빚낸 단편 영화 셋],0
1530,NeMaf 2011-그리고 대뇌와 성기 사이1_단편섹션,0
1531,빈집,0
1532,멋진 하루,6.65
1533,맘마미아!,0
1534,레인,8.15
1535,우주의 역사,0
1536,수증기에 맺힌 인생,0.00
1537,제10회 미쟝센 단편영화제-각양각색 배우열전 3,0
1538,이매진,7.50
1539,SICAF연대기_세상과 마주보기,0
1540,너에게 닿기를,7.82
1541,발칙한 시선 1부 - 청소년3,0
1542,썬더 소울,9.67
1543,태양은 알고 있다,0
1544,"강(江) , 원래",7.75
1545,NeMaf 2011-새로운 상상+쓰임전 단편섹션2_월드+한국,0
1546,(SESIFF2011)국제3D경쟁부문-1,0
1547,고질라 - 파이널 워즈,0
1548,"보르헤스, 시 속의 삶",0
1549,버스 팔라디움,0.00
1550,모두 다 따를 것이다,0
1551,애정만세,7.44
1552,화이트 노이즈 2,0
1553,유키와 니나,0
1554,SICAF2011_경쟁단편_일반1,0
1555,SICAF2011_경쟁 TV2,0
1556,마천루,0.00
1557,제인 구달,9.18
1558,흑백 가족사진,0.00
1559,황혼 금메달,7.33
1560,[EIDF2011]즐거운 어머니날+위키시크릿,0
1561,애니비전,0
1562,보이지 않는 사람들,0.00
1563,게임과 평화+5분만 더,0
1564,반짝이는 순간들-3,0
1565,다섯 마리 코끼리와 할머니,0
1566,판타스틱 신드롬,0.00
1567,(SESIFF2011)국제경쟁부문4-스타일,0
1568,아워 하우스,0.00
1569,"10월 금요단편극장-이상, 한가역반응",0
1570,섹션3옐로우(Nostalgia),0
1571,별이 빛나는 밤,8.70
1572,착한 살인자들,7.04
1573,지붕 위의 기병,0
1574,비몽,0
1575,굿바이,8.71
1576,디트로이트 메탈 시티,0
1577,경계도시 2,0
1578,"괜찮아, 정말 괜찮아",0
1579,해 질 무렵,6.00
1580,무엇보다 먼저인 삶,9.00
1581,물의 여행+천강에 비친 달,0
1582,깊은 산 작은 마을,0.00
1583,NeMaf 2011-본선구애전 섹션4_말이 닿지 않는 마음,0
1584,(SESIFF2011)국제모바일경쟁부문,0
1585,퍼펙트 블루 리마스터드 HD,0
1586,검은 고양이 흰 고양이,0
1587,바벨,0
1588,아바타,7.86
1589,국도올빼미 상영회,0
1590,기이한 춤 : 기무,0
1591,게이트+뫼,0
1592,플레이+감독특별전2,0
1593,코리언아방가르드@KU씨네마테크-세번째,0
1594,아프리카 연합,9.00
1595,[EIDF2011]마리아가 사는 방법+태양 아래 흐르는 소리,0
1596,소년 치어리더,10.00
1597,로스앤젤레스의 자화상,0
1598,임권택 감독의 달빛 만들기,0.00
1599,소리의 정원,0.00
1600,"헬싱키, 포에버",0
1601,의형제,8.87
1602,태양의 길목,7.00
1603,인디다큐페스티발2011-올해의 초점1-8,0
1604,잃어버린 벽,0.00
1605,영화사 1부,0
1606,성전,5.50
1607,플레이+감독특별전1,0
1608,올드 독,9.00
1609,반짝이는 순간들-2,0
1610,발칙한 시선 1부 - 청소년2,0
1611,노아의 홍수,0.00
1612,노노,9.50
1613,워 오브 투모로우,4.33
1614,쓰레기 틈에 핀 꿈 + 쓰레기를 먹는 야수 + 카나트의 청소부,0
1615,세계의 이미지와 전쟁의 각인,0
1616,공모자,8.13
1617,삼거리극장,0
1618,왕의 남자,0
1619,은밀한 유혹,0.00
1620,한일단편애니메이션열전-임팩트3,0
1621,숨+GV,0
1622,역사와 기억+옅은 대기,0
1623,워터 게토,0.00
1624,여교사 N,0
1625,5월 금요단편극장 [그의 인상],0
1626,2011부산국제단편영화제-섹션4,0
1627,그린피스 단편 + 대지의 아들 + 야쿠바씨의 사막 농사 일기,0
1628,동물과 함께 사는 세상 단편 모음 1,0
1629,나를 둘러싼 것들,0
1630,여행,6.61
1631,코렐라인: 비밀의 문,0
1632,소명,9.08
1633,리버풀의 추억,0
1634,내 별자리를 찾아서,9.00
1635,시간,7.46
1636,시라노; 연애조작단,8.73
1637,오후 한 시,0
1638,용호방,0
1639,호수길,0
1640,지구의 아이들 단편 모음 2,0
1641,미쓰 마마,0
1642,사막에서 온 편지,0.00
1643,(SESIFF2011)국제경쟁부문8-실험,0
1644,2011 GSFF-개막작,0
1645,옥시즌,3.00
1646,20세기 소년 ; 최종장 - 우리들의 깃발,0
1647,SICAF2011_경쟁 TV3,0
1648,LGBT영화제)단편모음,0
1649,난 여기 있을게,0.00
1650,색정단지부인,0
1651,소중한 날의 꿈 감독판,0
1652,터키 형님,0.00
1653,꼬마 니콜라,0
1654,산타렐라 패밀리,0
1655,데이비드 지우기,0
1656,인디애니유랑단2011-숨바꼭질,0
1657,K-20 괴도가면,0
1658,영화사 2부,0
1659,떠도는 삶,9.50
1660,지독한 사랑,0
1661,우리 만난 적 있나요,7.01
1662,2011 GSFF-폐막작,0
1663,시라 - 초승달의 노래,0.00
1664,흰색 양복을 입은 남자,0
1665,섹션2그레이(Unknown),0
1666,독립영화의 재발견 4회,0
1667,횡단 금지: 앨런 아이버슨의 재판,0
1668,미국에서 가장 위험한 사나이,0
1669,2011년 3월 금요단편극장 슈퍼 숏 필름즈 9,0
1670,전우치,9.35
1671,내 남자의 아내도 좋아,0
1672,로망은 없다,0
1673,내 첫사랑을 너에게 바친다,0
1674,나의 불행에는 이유가 있다,7.65
1675,휴일,0.00
1676,4월 금요단편극장-그들이 사는 세상,0
1677,"세번, 우리 아이들의 목소리",0.00
1678,그린피스 단편 + 기후변화 단편 + 공기를 팝니다,0
1679,SICAF2011_경쟁단편_학생1,0
1680,뷰티풀 보이,6.17
1681,반짝이는 순간들 Red,0
1682,두레소리,8.82
1683,살결 사이로,0
1684,NeMaf 2011-본선구애전 섹션10_너의 현대 나의 현대,0
1685,권투도장,0.00
1686,아이들은 잠시 외출했을 뿐이다 + 플레이,0
1687,프리덤 라이더스,0
1688,"강(江),원래 ？초이스 1 River, the Origin ？ Choice 1",0
1689,난 미친 말처럼 걸을 것이다,0
1690,벌집의 정령,0
1691,집으로 데려다 줄게요,10.00
1692,여름이 없었던 해,0.00
1693,인디피크닉2011 - 단편패키지2,0
1694,익사일,0
1695,초롤케의 딸,0
1696,소리를 찾아서,0.00
1697,왕각흑야,0
1698,개관 100일 기념 인디플러스전 - 단편2,0
1699,SICAF연대기_장난감을 부탁해,0
1700,카와모토 키하치로 회고전 1,0
1701,그린 웨이브,9.67
1702,풍비박산,7.00
1703,전쟁의 상흔,0.00
1704,세뇨라,0
1705,유원경몽,0
1706,도엘의 파수꾼,0.00
1707,관능병동 빨간 입술,0
1708,모래의 역습,0.00
1709,곤충 조련의 마법사들,0
1710,적인걸: 측천무후의 비밀,7.17
1711,(SESIFF2011)국제3D경쟁부문-2,0
1712,후렴은 노래 속의 혁명처럼 일어난다,0.00
1713,천국의 속삭임,0
1714,박쥐,0
1715,나인 뮤즈,0.00
1716,메신져 - 죽은자들의 경고,0
1717,골든 볼,0
1718,[특별상영] 알이씨REC + 올드랭사인,0
1719,하늘의 노래,0.00
1720,인디포럼2011초청1,0
1721,강,7.75
1722,2011부산국제단편영화제-영화학교초청섹션1,0
1723,세계 환경영화의 흐름 단편 모음 1,0
1724,자가당착: 시대정신과 현실참여,0
1725,피라냐,4.85
1726,물을 찾는 불 위의 여자,0
1727,고고 70,0
1728,월버그 가족,0
1729,신 하고 싶은 형수,0
1730,아주 특별한 만남,0
1731,NeMaf 2011-본선구애전 섹션6_뉴미디어와 별밤,0
1732,"히틀러 특별전 1,2부",0
1733,커다란 두리안,0
1734,신성돼지,0.00
1735,올다,0.00
1736,(SESIFF2011)끌레르몽페랑라보,0
1737,한일단편애니메이션열전-패밀리2,0
1738,AISFF2011-개막작,0
1739,애무,0
1740,라벤더힐 몹,0
1741,섹션1레드(Stimulus),0
1742,"강(江), 원래 - 초이스 2",4.00
1743,블루 엘리펀트,0
1744,우리들의 이야기,9.95
1745,인디다큐페스티발2011-심야상영,0
1746,옹박 : 마지막 미션,4.16
1747,파타 모르가나,0.00
1748,남자는 괴로워,0
1749,숨,7.08
1750,레이디 채털리,0
1751,파산의 기술,0
1752,열녀문,0
1753,황혼-몇살이 되어도 남자와 여자,0
1754,하나이 사치코의 화려한 일생,0
1755,오이시맨,0
1756,나인,9.33
1757,해변가 욕망의 소리,0
1758,뿌양의 첫경험,0
1759,단지부인 - 동창회,0
1760,일요일의 사람들,0
1761,풍운 2,0
1762,우리 할머니는 점쟁이,0.00
1763,푸른하늘-끝없는 욕정,0
1764,아라쉬의 꿈,0
1765,두근두근 성호월드 2,0
1766,주검의 상자,0
1767,녹슨 필름 + 테러리스트들,0
1768,나의 위니펙,0
1769,오슬로의 아이들,0.00
1770,리바운스,0.00
1771,7월 금요단편극장 불온한 세상에 서다,0
1772,인디애니유랑단_가족을 위한 수다,0
1773,대륙에서 부는 바람,0
1774,인디피크닉 - 섹션5,0
1775,지구의 아이들 단편 모음 1,0
1776,신봉리 우리집; 흔한 이야기 + 잔인한 계절,0
1777,바람이 지나가는 소리 + 신봉리 우리집; 흔한 이야기 + 배다리 사람들,0
1778,불륜일기 - 젖은채로 한번 더,0
1779,러브 앤 댄싱,0
1780,용산 남일당 이야기,5.50
1781,러블리 본즈,0
1782,워낭소리,0
1783,애욕온천,0
1784,컨트롤,10.00
1785,인디다큐페스티발2011-올해의 초점1-9,0
1786,서울LGBT영화제지역순회상영전,0
1787,NeMaf 2011-작가특별전_게리 힐,0
1788,21세기 성자,0.00
1789,파라다이스 호텔,0.00
1790,용선,0.00
1791,그리운 나날,9.50
1792,레이디킬러스,0
1793,강가를 비추는 빛,0
1794,남자가 되기 싫어요,0
1795,8월 금요단편극장-희망의 단편영화 둘,0
1796,내 이름은 후아니,0
1797,서커스 가족,8.00
1798,은밀한 유혹,0.00
1799,새벽의 끝,0
1800,씨 렉스 3D,9.00
1801,바람의 노래,9.67
1802,친절한 마음과 화관,0
1803,덫에 걸린 여자,0
1804,조용한 남자,10.00
1805,붉은꼬리매의 전설,0
1806,맑은 영혼들의 노래,0
1807,개관 100일 기념 인디플러스전 - 단편1,0
1808,"8월 26일, 세인트 헨리 거리",0.00
1809,팀,4.00
1810,살파랑,0
1811,덫: 선동 혹은 사주,10.00
1812,또또와 유령친구들,0
1813,"신씨, 탄광마을의 세레나데",5.33
1814,NeMaf 2011-본선구애전 섹션8_이매진,0
1815,"히틀러 특별전 3,4부",0
1816,"브라더, 시스터",0.00
1817,콜드 웨더,7.00
1818,게르니카의 나무,0
1819,사이클리스트의 죽음,0
1820,하몽 하몽,0
1821,실비아의 도시에서,0
1822,타임 크라임,0
1823,고야의 유령,0
1824,개그맨,0
1825,새엄마는 동갑내기,0
1826,희망의 별 - 이퀘지레템바,9.10
1827,굽이도는 증기선,0
1828,킬 스피드,2.82
1829,18세 팬티속 소용돌이,0
1830,엽문 3,5.54
1831,OL 러브채팅,0
1832,우리 할아버지는 은행 강도,0.00
1833,서도걸즈!! 우리들의 갑자원,7.92
1834,"일곱 살, 내가 태어난 이유",0.00
1835,진디크,0
1836,NeMaf 2011-작가특별전_언더그라운드아트채널,0
1837,영원한 아이,0
1838,내 남자의 남자친구,0.00
1839,여자들의 음화,0
1840,(SESIFF2011)국제경쟁부문5-애니메이션,0
1841,(SESIFF2011)국제경쟁부문7-다큐멘터리,0
1842,(SESIFF2011)국제3D경쟁부문-3,0
1843,도시락집처녀,0
1844,아미고,10.00
1845,메이나,0.00
1846,무사 야마다,6.92
1847,인디애니 씨앗터 4회,0
1848,서랍민족,0
1849,하와이언 레시피,0
1850,도색,0
1851,할람 포,0
1852,비지터,0.00
1853,세이브 어 라이프,0
1854,운 좋은 코끼리 플로라,0.00
1855,지구의 아이들 단편 모음 5,0
1856,나무인간 + 기후변화 시대의 희망 + 마른 땅의 농사꾼,0
1857,동굴 밖으로,0.00
1858,비치 슬랩,0
1859,SICAF연대기_이야기가 시작 되는 곳,0
1860,인디애니유랑단_숨바꼭질,0
1861,네덜란드에서 가장 힘 센 사나이,0.00
1862,지터스,0.00
1863,반짝이는 순간들 For Kids,0
1864,클래쉬,0
1865,음탕한 고양이들,10.00
1866,[EIDF2011]예비 선거,0
1867,그라도 3 - 미친 섹시 코미디,0
1868,격렬의 거리,0.00
1869,(SESIFF2011)국제경쟁부문3-이모션,0
1870,Encounters in a Forgotten Country,0
1871,우리집 강아지 튤립,0
1872,달과 꼭지,0
1873,"명성, 그 6일의 기록",0
1874,화이트 칙스,0
1875,오사카 러브 스토리,0
1876,국도화끈한극장,0
1877,불륜의 대가,0
1878,다크 리벤지,3.52
1879,6월 금요단편극장-세 편의 가족관,0
1880,다이너마이터,0.00
1881,발칙한 시선 2부 - 일반3,0
1882,발칙한 시선 2부 - 일반2,0
1883,아내의 은밀한 매력,0.00
1884,인디애니유랑단2011-가족을 위한 수다,0
1885,아바타와 나,5.78
1886,사색야화2,7.00
1887,NeMaf 2011-본선구애전 섹션11_어떤 비교,0
1888,부산국제어린이영화제-특별전2_푸란 데라크샨데 감독,0
1889,내가 원하는 남자,8.00
1890,최고의 섹스 그리고 사랑,2.50
1891,사색야화,0.00
1892,비망록: 보이지 않는 도시+잊을 수 없는 기억,0
1893,부역자와 그의 가족들,0.00
1894,헤븐,9.27
1895,감 3D,0
1896,여성다큐멘터리스트-새로운 감수성1,0
1897,나를 찔러 봐,9.00
1898,미소년지련,0
1899,스윙걸즈,0
1900,도화선,0
1901,단지부인-옆집의신음소리,0
1902,아나키인 재팬스케,0
1903,불륜 장미,0
1904,심야의 F.M.,6.83
1905,어느 성인영화 여배우의 일상,0
1906,스모클럽의 풍기문란 여자 매니저,0
1907,그녀의 흔적,0
1908,스킬스,2.95
1909,불륜의 대가 2,0
1910,거침없이 사랑하라,0
1911,비밀스런 두 사람,0
1912,아기 염소를 지켜라!,0.00
1913,음식물 쓰레기의 불편한 진실,4.33
1914,인디애니유랑단2011-여행 with,0
1915,EPS 2011 - 단편 옴니버스 B,0
1916,"도둑소녀 + 혜화,동",0
1917,미완성생활사,0.00
1918,숨,7.08
1919,동강은 흐른다,0
1920,룰루,0
1921,씨 인사이드,0
1922,매드 디텍티브,0
1923,단지부인: 불륜 러브러브,0
1924,모호크족의 북소리,0
1925,그 남자와의 밀애,0
1926,오늘 바꾸세요 + 기후변화 시대의 희망 + 그린,0
1927,오늘 바꾸세요 + 나무인간 + 나무의 여왕,0
1928,사선에서,6.75
1929,넉 아웃,6.41
1930,불륜 그리고 맛있는 섹스 2,0
1931,언니와 동생: 불륜의 상처,0.00
1932,타락하는 아내,0.00
1933,인도네시아 특별전,0
1934,"작은 마녀, 푸크시아",0.00
1935,부산국제어린이영화제-글로벌 키즈포키즈 파노라마(1),0
1936,NeMaf 2011-작가특별전_수지 실버,0
1937,인디애니유랑단in국도-섹션6 마주치는 거리,0
1938,뜨겁고 달콤한 밤,8.00
1939,여성다큐멘터리스트-반이다2,0
1940,2011 GIFF 개막식+인산인해,0
1941,루치아,0.00
1942,엘 불리: 요리는 진행 중,7.34
1943,에듀케이션,0.00
1944,미샹,10.00
1945,톰보이,9.17
1946,불신지옥,0
1947,버진 스나이퍼,0
1948,여성다큐멘터리스트-새로운 감수성2,0
1949,영도 다리,0
1950,"빛나라, 내 별이여",0
1951,길,8.85
1952,리턴 티켓,5.50
1953,인디애니유랑단in국도-섹션7 이계의 시간,0
1954,굴공주,0
1955,새색시의 얌전한 육체,0
1956,불륜백서,0
1957,부산국제어린이영화제-액션1924(2),0
1958,시네마 천국,0
1959,나비와 바다,8.96
1960,수양 가정의 아이들,0.00
1961,길 잃은 고양이,0.00
1962,형수님의 나른한 오후,0
1963,치한전차 - 물든 엉덩이,0
1964,꿈속의 정사,0
1965,검은 드레스의 여자,0
1966,치한전차 치한부인,0
1967,애인의 속옷,0
1968,배덕의 숲,0
1969,풍만미녀,0
1970,포화속으로,8.23
1971,125전승철 + 무산일기,0
1972,자매의밀회,0
1973,남쪽의 제왕,0
1974,여성다큐멘터리스트-반이다1,0
1975,시집가는 날,0
1976,인디애니 씨앗터 3회,0
1977,목구멍의 가시,0
1978,보이지 않는 사람들+리틀 보이스,0
1979,인디애니유랑단in국도-섹션5 러브 칸타빌레,0
1980,NeMaf 2011-새로운 상상+쓰임전 단편섹션3 홍콩미디어아트,0
1981,내 안의 삼바,7.00
1982,인디애니유랑단2011-식.욕,0
1983,인디애니유랑단2011-속삭임,0
1984,발칙한 시선 2부 - 일반1,0
1985,아빠의 비밀,0.00
1986,게임 오브 데스,4.88
1987,인디피크닉 - 섹션6,0
1988,"GFFIS-워크숍: 핵, 원자력, 소비의 그늘",0
1989,바람이 지나가는 소리 + 슬픈 피에로,0
1990,스트리트 워,4.93
1991,헤센 컨스피러시,0
1992,카멜리아,8.94
1993,화성에 가다,1.00
1994,리키,6.67
1995,들고양이,0
1996,아임 낫 데어,0
1997,대추리 전쟁,0
1998,위스퍼,0.00
1999,레드 바론,0
2000,길티 오브 로맨스: 욕정의 미스터리,6.49
2001,만화방,3.59
2002,하드 라이프,0.00
2003,광주독립영화특선(2011 GIFF),0
2004,광주시민영상특선(2011 GIFF),0
2005,나의 아내,7.20
2006,애니메이션 특선(2011 GIFF),0
2007,여행 + 배창호감독과의 대화,0
2008,만추(2011) + 김태용감독과의 대화,0
2009,"가족사랑 독립영화 페스티발 ""강아지 똥, 엄마까투리""",0
2010,SIFF2011-해외대담:글로벌인디라운드,0
2011,SIFF2011-국내세미나,0
2012,송곳니,0
2013,멘 투 비,9.50
2014,다크아워,5.83
2015,"앵두야, 연애하자",0
2016,검은 갈매기,6.67
2017,메리메리 올빼미,0
2018,장화신은 고양이,8.40
2019,제11회 한국예술종합학교 영상원 애니메이션과 졸업상영회,0
2020,메이드인 부산 작가전,0
2021,KAFA영화제-D,0
2022,2월 영화인 캠페인 - 김조광수 단편 3부작,0
2023,선철규의 자립이야기 '지렁이 꿈틀',10.00
2024,그 자식이 대통령 되던 날,5.00
2025,나라야마 부시코,0
2026,바람에 날리는 눈,0
2027,봄날이여 안녕,0
2028,오늘 또 오늘,0
2029,인간의 조건(1·2부),0
2030,인간의 조건(3·4부),0
2031,후에후키강,0
2032,인간의 조건(5·6부),0
2033,할복,7.21
2034,청춘일기,0
2035,꿈대로,0
2036,내 목숨을 걸고,0
2037,일본의 청춘,0
2038,사무라이 반란,0
2039,동경방랑자,0
2040,위안부 이야기,0
2041,향화,0
2042,3인의 일본거장전)강연+괴담,0
2043,"시네마 칸타빌레-음악으로 보는 영화, 그 빛나는 순간들",0
2044,만추,7.43
2045,태어나기는 했지만,0
2046,무네카타 자매들,0
2047,이른 봄,0
2048,고하야가와가의 가을,0
2049,인디애니 씨앗터 1회,0
2050,(SESIFF2011)국제경쟁부문6-Kids애니메이션,0
2051,9TH SCFF 특별세미나,0
2052,문화예배,0
2053,뮤지컬‘그사람 바보의사 장기려’,0
2054,9TH SCFF 폐막식,0
2055,인디애니 씨앗터 2회,0
2056,데미지,10.00
2057,블랙 헤븐,7.89
2058,대학졸업영화제1,0
2059,대학졸업영화제2,0
2060,대학졸업영화제3,0
2061,대학졸업영화제4,0
2062,여성영화순회상영 고고시네마 2011 - 애니메이션 섹션,0
2063,아시파 호주,0
2064,아시파 포르투칼,0
2065,아시파 이집트,0
2066,아시파 브라질,0
2067,아시파 독일 앵콜2,0
2068,아시파 폴란드,0
2069,"아시파 인도, 미국",0
2070,아시파 한국2,0
2071,페렝 카코 특별전,0
2072,아시파 헝가리,0
2073,아시파 크로아티아,0
2074,아시파 독일 앵콜1,0
2075,아시파 한국1,0
2076,아시파 50주년 기념전,0
2077,10월 독립영화정기상영회 - 백정민감독 단편영화 특별전,0
2078,극동대학교 영상제작학과 제7히 졸업 작품 상영회,0
2079,2011 전북독립영화제-한국독립영화제연대 1,0
2080,2011 전북독립영화제-샬롱 데 르퓌제 2,0
2081,2011 전북독립영화제-단편초청2,0
2082,2011 전북독립영화제-단편초청1,0
2083,마이클잭슨: 라이프 오브 언 아이콘,9.64
2084,2011 전북청소년 영화제 -,0
2085,2011 전북청소년 영화제 - -섹션1,0
2086,2011 전북청소년 영화제 - -섹션2,0
2087,2011 전북청소년 영화제 - -섹션3,0
2088,2011 전북청소년 영화제 -,0
2089,동경 이야기,0
2090,꽃과 성난 파도,0
2091,록키,0.00
2092,지고이네르바이젠,0
2093,러브레터,10.00
2094,캐리비안의 해적 : 블랙펄의 저주,0
2095,브로큰 플라워,0
2096,야수,0
2097,라스트 데이즈,0.00
2098,클림트,0
2099,귀향,10.00
2100,로맨틱 홀리데이,0
2101,싸이보그지만 괜찮아,0
2102,즐거운 인생,0
2103,오프 로드,0.00
2104,꿀벌대소동,0
2105,"좋은 놈, 나쁜 놈, 이상한 놈",0
2106,빨간 풍선,0.00
2107,달려라! 타마코,0
2108,물 좀 주소,0
2109,쿵푸 팬더,8.71
2110,인디애니박스:셀마의 단백질 커피,0
2111,이스턴 프라미스,0
2112,다이브,10.00
2113,"히말라야, 바람이 머무는 곳",0
2114,분노의 질주: 더 오리지널,0
2115,트랜스포머: 패자의 역습,0
2116,날아라 펭귄,0
2117,킹콩을 들다,0
2118,해피 플라이트,0
2119,버라이어티 생존 토크쇼,0
2120,앨빈과 슈퍼밴드2,0
2121,타이탄,6.36
2122,미 투,0.00
2123,청설,0
2124,아더와 미니모이 2 : 셀레니아 공주 구출 작전,0
2125,J-MOVIE 썸머 페스타,0
2126,배터리,0
2127,노다메 칸타빌레 Vol.1,0
2128,내 할머니,0
2129,아이들,9.02
2130,부초,0
2131,제1회 KUFCA 영화제,0
2132,2011AISFF-P1,0
2133,2011AISFF-P2,0
2134,2011AISFF-P3,0
2135,사랑에 대하여,0
2136,밀레니엄 : 여자를 증오한 남자들,8.09
2137,천사의 숨소리,8.92
2138,우리의 꿈이 노래가 되어,0
2139,엽기적인 그녀 2,3.54
2140,빛의 여행,0.00
2141,마술사들,0.00
2142,나한테 윙크한거야?,0.00
2143,카를라와 요나스,0.00
2144,파이판,8.08
2145,퀵+고지전+퍼스트어벤저,0
2146,부산국제어린이영화제-글로벌 키즈포키즈 파노라마(2),0
2147,꽃피는 항구,0
2148,육군,0
2149,기러기,0
2150,일본의 비극,0
2151,스물네 개의 눈동자,0
2152,내면의 굴레,0
